targetStatus	stop	accepted	HP	MP	unchangedStatus
0	9452	0	5	44	0
1	9452	0	5	44	1
2	943F	1	5	44	2
3	9452	0	5	44	3
4	9452	0	5	44	4
5	9452	0	5	44	5
6	9452	0	5	44	6
7	9452	0	5	44	7
8	9452	0	5	44	8
9	9452	0	5	44	9
10	9452	0	5	44	10
11	9452	0	5	44	11
12	9452	0	5	44	12
13	9452	0	5	44	13
14	9452	0	5	44	14
15	9452	0	5	44	15
16	9452	0	5	44	16
17	9452	0	5	44	17
18	9452	0	5	44	18
19	9452	0	5	44	19
20	9452	0	5	44	20
21	9452	0	5	44	21
22	9452	0	5	44	22
23	9452	0	5	44	23
24	9452	0	5	44	24
25	9452	0	5	44	25
26	9452	0	5	44	26
27	9452	0	5	44	27
28	9452	0	5	44	28
29	9452	0	5	44	29
30	9452	0	5	44	30
31	9452	0	5	44	31
32	9452	0	5	44	32
33	9452	0	5	44	33
34	9452	0	5	44	34
35	9452	0	5	44	35
36	9452	0	5	44	36
37	9452	0	5	44	37
38	9452	0	5	44	38
39	9452	0	5	44	39
40	9452	0	5	44	40
41	9452	0	5	44	41
42	9452	0	5	44	42
43	9452	0	5	44	43
44	9452	0	5	44	44
45	9452	0	5	44	45
46	9452	0	5	44	46
47	9452	0	5	44	47
48	9452	0	5	44	48
49	9452	0	5	44	49
50	9452	0	5	44	50
51	9452	0	5	44	51
52	9452	0	5	44	52
53	9452	0	5	44	53
54	9452	0	5	44	54
55	9452	0	5	44	55
56	9452	0	5	44	56
57	9452	0	5	44	57
58	9452	0	5	44	58
59	9452	0	5	44	59
60	9452	0	5	44	60
61	9452	0	5	44	61
62	9452	0	5	44	62
63	9452	0	5	44	63
64	9452	0	5	44	64
65	9452	0	5	44	65
66	9452	0	5	44	66
67	9452	0	5	44	67
68	9452	0	5	44	68
69	9452	0	5	44	69
70	9452	0	5	44	70
71	9452	0	5	44	71
72	9452	0	5	44	72
73	9452	0	5	44	73
74	9452	0	5	44	74
75	9452	0	5	44	75
76	9452	0	5	44	76
77	9452	0	5	44	77
78	9452	0	5	44	78
79	9452	0	5	44	79
80	9452	0	5	44	80
81	9452	0	5	44	81
82	9452	0	5	44	82
83	9452	0	5	44	83
84	9452	0	5	44	84
85	9452	0	5	44	85
86	9452	0	5	44	86
87	9452	0	5	44	87
88	9452	0	5	44	88
89	9452	0	5	44	89
90	9452	0	5	44	90
91	9452	0	5	44	91
92	9452	0	5	44	92
93	9452	0	5	44	93
94	9452	0	5	44	94
95	9452	0	5	44	95
96	9452	0	5	44	96
97	9452	0	5	44	97
98	9452	0	5	44	98
99	9452	0	5	44	99
100	9452	0	5	44	100
101	9452	0	5	44	101
102	9452	0	5	44	102
103	9452	0	5	44	103
104	9452	0	5	44	104
105	9452	0	5	44	105
106	9452	0	5	44	106
107	9452	0	5	44	107
108	9452	0	5	44	108
109	9452	0	5	44	109
110	9452	0	5	44	110
111	9452	0	5	44	111
112	9452	0	5	44	112
113	9452	0	5	44	113
114	9452	0	5	44	114
115	9452	0	5	44	115
116	9452	0	5	44	116
117	9452	0	5	44	117
118	9452	0	5	44	118
119	9452	0	5	44	119
120	9452	0	5	44	120
121	9452	0	5	44	121
122	9452	0	5	44	122
123	9452	0	5	44	123
124	9452	0	5	44	124
125	9452	0	5	44	125
126	9452	0	5	44	126
127	9452	0	5	44	127
128	9452	0	5	44	128
129	9452	0	5	44	129
130	9452	0	5	44	130
131	9452	0	5	44	131
132	9452	0	5	44	132
133	9452	0	5	44	133
134	9452	0	5	44	134
135	9452	0	5	44	135
136	9452	0	5	44	136
137	9452	0	5	44	137
138	9452	0	5	44	138
139	9452	0	5	44	139
140	9452	0	5	44	140
141	9452	0	5	44	141
142	9452	0	5	44	142
143	9452	0	5	44	143
144	9452	0	5	44	144
145	9452	0	5	44	145
146	9452	0	5	44	146
147	9452	0	5	44	147
148	9452	0	5	44	148
149	9452	0	5	44	149
150	9452	0	5	44	150
151	9452	0	5	44	151
152	9452	0	5	44	152
153	9452	0	5	44	153
154	9452	0	5	44	154
155	9452	0	5	44	155
156	9452	0	5	44	156
157	9452	0	5	44	157
158	9452	0	5	44	158
159	9452	0	5	44	159
160	9452	0	5	44	160
161	9452	0	5	44	161
162	9452	0	5	44	162
163	9452	0	5	44	163
164	9452	0	5	44	164
165	9452	0	5	44	165
166	9452	0	5	44	166
167	9452	0	5	44	167
168	9452	0	5	44	168
169	9452	0	5	44	169
170	9452	0	5	44	170
171	9452	0	5	44	171
172	9452	0	5	44	172
173	9452	0	5	44	173
174	9452	0	5	44	174
175	9452	0	5	44	175
176	9452	0	5	44	176
177	9452	0	5	44	177
178	9452	0	5	44	178
179	9452	0	5	44	179
180	9452	0	5	44	180
181	9452	0	5	44	181
182	9452	0	5	44	182
183	9452	0	5	44	183
184	9452	0	5	44	184
185	9452	0	5	44	185
186	9452	0	5	44	186
187	9452	0	5	44	187
188	9452	0	5	44	188
189	9452	0	5	44	189
190	9452	0	5	44	190
191	9452	0	5	44	191
192	9452	0	5	44	192
193	9452	0	5	44	193
194	9452	0	5	44	194
195	9452	0	5	44	195
196	9452	0	5	44	196
197	9452	0	5	44	197
198	9452	0	5	44	198
199	9452	0	5	44	199
200	9452	0	5	44	200
201	9452	0	5	44	201
202	9452	0	5	44	202
203	9452	0	5	44	203
204	9452	0	5	44	204
205	9452	0	5	44	205
206	9452	0	5	44	206
207	9452	0	5	44	207
208	9452	0	5	44	208
209	9452	0	5	44	209
210	9452	0	5	44	210
211	9452	0	5	44	211
212	9452	0	5	44	212
213	9452	0	5	44	213
214	9452	0	5	44	214
215	9452	0	5	44	215
216	9452	0	5	44	216
217	9452	0	5	44	217
218	9452	0	5	44	218
219	9452	0	5	44	219
220	9452	0	5	44	220
221	9452	0	5	44	221
222	9452	0	5	44	222
223	9452	0	5	44	223
224	9452	0	5	44	224
225	9452	0	5	44	225
226	9452	0	5	44	226
227	9452	0	5	44	227
228	9452	0	5	44	228
229	9452	0	5	44	229
230	9452	0	5	44	230
231	9452	0	5	44	231
232	9452	0	5	44	232
233	9452	0	5	44	233
234	9452	0	5	44	234
235	9452	0	5	44	235
236	9452	0	5	44	236
237	9452	0	5	44	237
238	9452	0	5	44	238
239	9452	0	5	44	239
240	9452	0	5	44	240
241	9452	0	5	44	241
242	9452	0	5	44	242
243	9452	0	5	44	243
244	9452	0	5	44	244
245	9452	0	5	44	245
246	9452	0	5	44	246
247	9452	0	5	44	247
248	9452	0	5	44	248
249	9452	0	5	44	249
250	9452	0	5	44	250
251	9452	0	5	44	251
252	9452	0	5	44	252
253	9452	0	5	44	253
254	9452	0	5	44	254
255	9452	0	5	44	255
