targetStatus	entry	stop	afterHP	afterMP	afterStatus	instructions
0	9E84	9FDA	58	44	0	128
1	9E84	9FDA	58	44	1	128
2	9E84	9FDA	58	44	2	128
3	9E84	9FDA	58	44	3	128
4	9E84	9FDA	58	44	4	128
5	9E84	9FDA	58	44	5	128
6	9E84	9FDA	58	44	6	128
7	9E84	9FDA	58	44	7	128
8	9E84	9FDA	58	44	8	128
9	9E84	9FDA	58	44	9	128
10	9E84	9FDA	58	44	10	128
11	9E84	9FDA	58	44	11	128
12	9E84	9FDA	58	44	12	128
13	9E84	9FDA	58	44	13	128
14	9E84	9FDA	58	44	14	128
15	9E84	9FDA	58	44	15	128
16	9E84	9FDA	58	44	16	128
17	9E84	9FDA	58	44	17	128
18	9E84	9FDA	58	44	18	128
19	9E84	9FDA	58	44	19	128
20	9E84	9FDA	58	44	20	128
21	9E84	9FDA	58	44	21	128
22	9E84	9FDA	58	44	22	128
23	9E84	9FDA	58	44	23	128
24	9E84	9FDA	58	44	24	128
25	9E84	9FDA	58	44	25	128
26	9E84	9FDA	58	44	26	128
27	9E84	9FDA	58	44	27	128
28	9E84	9FDA	58	44	28	128
29	9E84	9FDA	58	44	29	128
30	9E84	9FDA	58	44	30	128
31	9E84	9FDA	58	44	31	128
32	9E84	9E8E	5	44	32	10
33	9E84	9E8E	5	44	33	10
34	9E84	9E8E	5	44	34	10
35	9E84	9E8E	5	44	35	10
36	9E84	9E8E	5	44	36	10
37	9E84	9E8E	5	44	37	10
38	9E84	9E8E	5	44	38	10
39	9E84	9E8E	5	44	39	10
40	9E84	9E8E	5	44	40	10
41	9E84	9E8E	5	44	41	10
42	9E84	9E8E	5	44	42	10
43	9E84	9E8E	5	44	43	10
44	9E84	9E8E	5	44	44	10
45	9E84	9E8E	5	44	45	10
46	9E84	9E8E	5	44	46	10
47	9E84	9E8E	5	44	47	10
48	9E84	9E8E	5	44	48	10
49	9E84	9E8E	5	44	49	10
50	9E84	9E8E	5	44	50	10
51	9E84	9E8E	5	44	51	10
52	9E84	9E8E	5	44	52	10
53	9E84	9E8E	5	44	53	10
54	9E84	9E8E	5	44	54	10
55	9E84	9E8E	5	44	55	10
56	9E84	9E8E	5	44	56	10
57	9E84	9E8E	5	44	57	10
58	9E84	9E8E	5	44	58	10
59	9E84	9E8E	5	44	59	10
60	9E84	9E8E	5	44	60	10
61	9E84	9E8E	5	44	61	10
62	9E84	9E8E	5	44	62	10
63	9E84	9E8E	5	44	63	10
64	9E84	9FDA	58	44	64	128
65	9E84	9FDA	58	44	65	128
66	9E84	9FDA	58	44	66	128
67	9E84	9FDA	58	44	67	128
68	9E84	9FDA	58	44	68	128
69	9E84	9FDA	58	44	69	128
70	9E84	9FDA	58	44	70	128
71	9E84	9FDA	58	44	71	128
72	9E84	9FDA	58	44	72	128
73	9E84	9FDA	58	44	73	128
74	9E84	9FDA	58	44	74	128
75	9E84	9FDA	58	44	75	128
76	9E84	9FDA	58	44	76	128
77	9E84	9FDA	58	44	77	128
78	9E84	9FDA	58	44	78	128
79	9E84	9FDA	58	44	79	128
80	9E84	9FDA	58	44	80	128
81	9E84	9FDA	58	44	81	128
82	9E84	9FDA	58	44	82	128
83	9E84	9FDA	58	44	83	128
84	9E84	9FDA	58	44	84	128
85	9E84	9FDA	58	44	85	128
86	9E84	9FDA	58	44	86	128
87	9E84	9FDA	58	44	87	128
88	9E84	9FDA	58	44	88	128
89	9E84	9FDA	58	44	89	128
90	9E84	9FDA	58	44	90	128
91	9E84	9FDA	58	44	91	128
92	9E84	9FDA	58	44	92	128
93	9E84	9FDA	58	44	93	128
94	9E84	9FDA	58	44	94	128
95	9E84	9FDA	58	44	95	128
96	9E84	9E8E	5	44	96	10
97	9E84	9E8E	5	44	97	10
98	9E84	9E8E	5	44	98	10
99	9E84	9E8E	5	44	99	10
100	9E84	9E8E	5	44	100	10
101	9E84	9E8E	5	44	101	10
102	9E84	9E8E	5	44	102	10
103	9E84	9E8E	5	44	103	10
104	9E84	9E8E	5	44	104	10
105	9E84	9E8E	5	44	105	10
106	9E84	9E8E	5	44	106	10
107	9E84	9E8E	5	44	107	10
108	9E84	9E8E	5	44	108	10
109	9E84	9E8E	5	44	109	10
110	9E84	9E8E	5	44	110	10
111	9E84	9E8E	5	44	111	10
112	9E84	9E8E	5	44	112	10
113	9E84	9E8E	5	44	113	10
114	9E84	9E8E	5	44	114	10
115	9E84	9E8E	5	44	115	10
116	9E84	9E8E	5	44	116	10
117	9E84	9E8E	5	44	117	10
118	9E84	9E8E	5	44	118	10
119	9E84	9E8E	5	44	119	10
120	9E84	9E8E	5	44	120	10
121	9E84	9E8E	5	44	121	10
122	9E84	9E8E	5	44	122	10
123	9E84	9E8E	5	44	123	10
124	9E84	9E8E	5	44	124	10
125	9E84	9E8E	5	44	125	10
126	9E84	9E8E	5	44	126	10
127	9E84	9E8E	5	44	127	10
128	9E84	9FDA	58	44	128	128
129	9E84	9FDA	58	44	129	128
130	9E84	9FDA	58	44	130	128
131	9E84	9FDA	58	44	131	128
132	9E84	9FDA	58	44	132	128
133	9E84	9FDA	58	44	133	128
134	9E84	9FDA	58	44	134	128
135	9E84	9FDA	58	44	135	128
136	9E84	9FDA	58	44	136	128
137	9E84	9FDA	58	44	137	128
138	9E84	9FDA	58	44	138	128
139	9E84	9FDA	58	44	139	128
140	9E84	9FDA	58	44	140	128
141	9E84	9FDA	58	44	141	128
142	9E84	9FDA	58	44	142	128
143	9E84	9FDA	58	44	143	128
144	9E84	9FDA	58	44	144	128
145	9E84	9FDA	58	44	145	128
146	9E84	9FDA	58	44	146	128
147	9E84	9FDA	58	44	147	128
148	9E84	9FDA	58	44	148	128
149	9E84	9FDA	58	44	149	128
150	9E84	9FDA	58	44	150	128
151	9E84	9FDA	58	44	151	128
152	9E84	9FDA	58	44	152	128
153	9E84	9FDA	58	44	153	128
154	9E84	9FDA	58	44	154	128
155	9E84	9FDA	58	44	155	128
156	9E84	9FDA	58	44	156	128
157	9E84	9FDA	58	44	157	128
158	9E84	9FDA	58	44	158	128
159	9E84	9FDA	58	44	159	128
160	9E84	9E8E	5	44	160	10
161	9E84	9E8E	5	44	161	10
162	9E84	9E8E	5	44	162	10
163	9E84	9E8E	5	44	163	10
164	9E84	9E8E	5	44	164	10
165	9E84	9E8E	5	44	165	10
166	9E84	9E8E	5	44	166	10
167	9E84	9E8E	5	44	167	10
168	9E84	9E8E	5	44	168	10
169	9E84	9E8E	5	44	169	10
170	9E84	9E8E	5	44	170	10
171	9E84	9E8E	5	44	171	10
172	9E84	9E8E	5	44	172	10
173	9E84	9E8E	5	44	173	10
174	9E84	9E8E	5	44	174	10
175	9E84	9E8E	5	44	175	10
176	9E84	9E8E	5	44	176	10
177	9E84	9E8E	5	44	177	10
178	9E84	9E8E	5	44	178	10
179	9E84	9E8E	5	44	179	10
180	9E84	9E8E	5	44	180	10
181	9E84	9E8E	5	44	181	10
182	9E84	9E8E	5	44	182	10
183	9E84	9E8E	5	44	183	10
184	9E84	9E8E	5	44	184	10
185	9E84	9E8E	5	44	185	10
186	9E84	9E8E	5	44	186	10
187	9E84	9E8E	5	44	187	10
188	9E84	9E8E	5	44	188	10
189	9E84	9E8E	5	44	189	10
190	9E84	9E8E	5	44	190	10
191	9E84	9E8E	5	44	191	10
192	9E84	9FDA	58	44	192	128
193	9E84	9FDA	58	44	193	128
194	9E84	9FDA	58	44	194	128
195	9E84	9FDA	58	44	195	128
196	9E84	9FDA	58	44	196	128
197	9E84	9FDA	58	44	197	128
198	9E84	9FDA	58	44	198	128
199	9E84	9FDA	58	44	199	128
200	9E84	9FDA	58	44	200	128
201	9E84	9FDA	58	44	201	128
202	9E84	9FDA	58	44	202	128
203	9E84	9FDA	58	44	203	128
204	9E84	9FDA	58	44	204	128
205	9E84	9FDA	58	44	205	128
206	9E84	9FDA	58	44	206	128
207	9E84	9FDA	58	44	207	128
208	9E84	9FDA	58	44	208	128
209	9E84	9FDA	58	44	209	128
210	9E84	9FDA	58	44	210	128
211	9E84	9FDA	58	44	211	128
212	9E84	9FDA	58	44	212	128
213	9E84	9FDA	58	44	213	128
214	9E84	9FDA	58	44	214	128
215	9E84	9FDA	58	44	215	128
216	9E84	9FDA	58	44	216	128
217	9E84	9FDA	58	44	217	128
218	9E84	9FDA	58	44	218	128
219	9E84	9FDA	58	44	219	128
220	9E84	9FDA	58	44	220	128
221	9E84	9FDA	58	44	221	128
222	9E84	9FDA	58	44	222	128
223	9E84	9FDA	58	44	223	128
224	9E84	9E8E	5	44	224	10
225	9E84	9E8E	5	44	225	10
226	9E84	9E8E	5	44	226	10
227	9E84	9E8E	5	44	227	10
228	9E84	9E8E	5	44	228	10
229	9E84	9E8E	5	44	229	10
230	9E84	9E8E	5	44	230	10
231	9E84	9E8E	5	44	231	10
232	9E84	9E8E	5	44	232	10
233	9E84	9E8E	5	44	233	10
234	9E84	9E8E	5	44	234	10
235	9E84	9E8E	5	44	235	10
236	9E84	9E8E	5	44	236	10
237	9E84	9E8E	5	44	237	10
238	9E84	9E8E	5	44	238	10
239	9E84	9E8E	5	44	239	10
240	9E84	9E8E	5	44	240	10
241	9E84	9E8E	5	44	241	10
242	9E84	9E8E	5	44	242	10
243	9E84	9E8E	5	44	243	10
244	9E84	9E8E	5	44	244	10
245	9E84	9E8E	5	44	245	10
246	9E84	9E8E	5	44	246	10
247	9E84	9E8E	5	44	247	10
248	9E84	9E8E	5	44	248	10
249	9E84	9E8E	5	44	249	10
250	9E84	9E8E	5	44	250	10
251	9E84	9E8E	5	44	251	10
252	9E84	9E8E	5	44	252	10
253	9E84	9E8E	5	44	253	10
254	9E84	9E8E	5	44	254	10
255	9E84	9E8E	5	44	255	10
