actorSlot	HP	maxHP	beforeStatus	afterStatus
0	0	200	0	32
0	0	200	1	32
0	0	200	2	32
0	0	200	3	32
0	0	200	4	32
0	0	200	5	32
0	0	200	6	32
0	0	200	7	32
0	0	200	8	32
0	0	200	9	32
0	0	200	10	32
0	0	200	11	32
0	0	200	12	32
0	0	200	13	32
0	0	200	14	32
0	0	200	15	32
0	0	200	16	32
0	0	200	17	32
0	0	200	18	32
0	0	200	19	32
0	0	200	20	32
0	0	200	21	32
0	0	200	22	32
0	0	200	23	32
0	0	200	24	32
0	0	200	25	32
0	0	200	26	32
0	0	200	27	32
0	0	200	28	32
0	0	200	29	32
0	0	200	30	32
0	0	200	31	32
0	0	200	32	32
0	0	200	33	32
0	0	200	34	32
0	0	200	35	32
0	0	200	36	32
0	0	200	37	32
0	0	200	38	32
0	0	200	39	32
0	0	200	40	32
0	0	200	41	32
0	0	200	42	32
0	0	200	43	32
0	0	200	44	32
0	0	200	45	32
0	0	200	46	32
0	0	200	47	32
0	0	200	48	32
0	0	200	49	32
0	0	200	50	32
0	0	200	51	32
0	0	200	52	32
0	0	200	53	32
0	0	200	54	32
0	0	200	55	32
0	0	200	56	32
0	0	200	57	32
0	0	200	58	32
0	0	200	59	32
0	0	200	60	32
0	0	200	61	32
0	0	200	62	32
0	0	200	63	32
0	0	200	64	32
0	0	200	65	32
0	0	200	66	32
0	0	200	67	32
0	0	200	68	32
0	0	200	69	32
0	0	200	70	32
0	0	200	71	32
0	0	200	72	32
0	0	200	73	32
0	0	200	74	32
0	0	200	75	32
0	0	200	76	32
0	0	200	77	32
0	0	200	78	32
0	0	200	79	32
0	0	200	80	32
0	0	200	81	32
0	0	200	82	32
0	0	200	83	32
0	0	200	84	32
0	0	200	85	32
0	0	200	86	32
0	0	200	87	32
0	0	200	88	32
0	0	200	89	32
0	0	200	90	32
0	0	200	91	32
0	0	200	92	32
0	0	200	93	32
0	0	200	94	32
0	0	200	95	32
0	0	200	96	32
0	0	200	97	32
0	0	200	98	32
0	0	200	99	32
0	0	200	100	32
0	0	200	101	32
0	0	200	102	32
0	0	200	103	32
0	0	200	104	32
0	0	200	105	32
0	0	200	106	32
0	0	200	107	32
0	0	200	108	32
0	0	200	109	32
0	0	200	110	32
0	0	200	111	32
0	0	200	112	32
0	0	200	113	32
0	0	200	114	32
0	0	200	115	32
0	0	200	116	32
0	0	200	117	32
0	0	200	118	32
0	0	200	119	32
0	0	200	120	32
0	0	200	121	32
0	0	200	122	32
0	0	200	123	32
0	0	200	124	32
0	0	200	125	32
0	0	200	126	32
0	0	200	127	32
0	0	200	128	32
0	0	200	129	32
0	0	200	130	32
0	0	200	131	32
0	0	200	132	32
0	0	200	133	32
0	0	200	134	32
0	0	200	135	32
0	0	200	136	32
0	0	200	137	32
0	0	200	138	32
0	0	200	139	32
0	0	200	140	32
0	0	200	141	32
0	0	200	142	32
0	0	200	143	32
0	0	200	144	32
0	0	200	145	32
0	0	200	146	32
0	0	200	147	32
0	0	200	148	32
0	0	200	149	32
0	0	200	150	32
0	0	200	151	32
0	0	200	152	32
0	0	200	153	32
0	0	200	154	32
0	0	200	155	32
0	0	200	156	32
0	0	200	157	32
0	0	200	158	32
0	0	200	159	32
0	0	200	160	32
0	0	200	161	32
0	0	200	162	32
0	0	200	163	32
0	0	200	164	32
0	0	200	165	32
0	0	200	166	32
0	0	200	167	32
0	0	200	168	32
0	0	200	169	32
0	0	200	170	32
0	0	200	171	32
0	0	200	172	32
0	0	200	173	32
0	0	200	174	32
0	0	200	175	32
0	0	200	176	32
0	0	200	177	32
0	0	200	178	32
0	0	200	179	32
0	0	200	180	32
0	0	200	181	32
0	0	200	182	32
0	0	200	183	32
0	0	200	184	32
0	0	200	185	32
0	0	200	186	32
0	0	200	187	32
0	0	200	188	32
0	0	200	189	32
0	0	200	190	32
0	0	200	191	32
0	0	200	192	32
0	0	200	193	32
0	0	200	194	32
0	0	200	195	32
0	0	200	196	32
0	0	200	197	32
0	0	200	198	32
0	0	200	199	32
0	0	200	200	32
0	0	200	201	32
0	0	200	202	32
0	0	200	203	32
0	0	200	204	32
0	0	200	205	32
0	0	200	206	32
0	0	200	207	32
0	0	200	208	32
0	0	200	209	32
0	0	200	210	32
0	0	200	211	32
0	0	200	212	32
0	0	200	213	32
0	0	200	214	32
0	0	200	215	32
0	0	200	216	32
0	0	200	217	32
0	0	200	218	32
0	0	200	219	32
0	0	200	220	32
0	0	200	221	32
0	0	200	222	32
0	0	200	223	32
0	0	200	224	32
0	0	200	225	32
0	0	200	226	32
0	0	200	227	32
0	0	200	228	32
0	0	200	229	32
0	0	200	230	32
0	0	200	231	32
0	0	200	232	32
0	0	200	233	32
0	0	200	234	32
0	0	200	235	32
0	0	200	236	32
0	0	200	237	32
0	0	200	238	32
0	0	200	239	32
0	0	200	240	32
0	0	200	241	32
0	0	200	242	32
0	0	200	243	32
0	0	200	244	32
0	0	200	245	32
0	0	200	246	32
0	0	200	247	32
0	0	200	248	32
0	0	200	249	32
0	0	200	250	32
0	0	200	251	32
0	0	200	252	32
0	0	200	253	32
0	0	200	254	32
0	0	200	255	32
0	5	200	0	1
0	5	200	1	1
0	5	200	2	2
0	5	200	3	3
0	5	200	4	4
0	5	200	5	5
0	5	200	6	6
0	5	200	7	7
0	5	200	8	8
0	5	200	9	9
0	5	200	10	10
0	5	200	11	11
0	5	200	12	12
0	5	200	13	13
0	5	200	14	14
0	5	200	15	15
0	5	200	16	16
0	5	200	17	17
0	5	200	18	18
0	5	200	19	19
0	5	200	20	20
0	5	200	21	21
0	5	200	22	22
0	5	200	23	23
0	5	200	24	24
0	5	200	25	25
0	5	200	26	26
0	5	200	27	27
0	5	200	28	28
0	5	200	29	29
0	5	200	30	30
0	5	200	31	31
0	5	200	32	32
0	5	200	33	33
0	5	200	34	34
0	5	200	35	35
0	5	200	36	36
0	5	200	37	37
0	5	200	38	38
0	5	200	39	39
0	5	200	40	40
0	5	200	41	41
0	5	200	42	42
0	5	200	43	43
0	5	200	44	44
0	5	200	45	45
0	5	200	46	46
0	5	200	47	47
0	5	200	48	48
0	5	200	49	49
0	5	200	50	50
0	5	200	51	51
0	5	200	52	52
0	5	200	53	53
0	5	200	54	54
0	5	200	55	55
0	5	200	56	56
0	5	200	57	57
0	5	200	58	58
0	5	200	59	59
0	5	200	60	60
0	5	200	61	61
0	5	200	62	62
0	5	200	63	63
0	5	200	64	64
0	5	200	65	65
0	5	200	66	66
0	5	200	67	67
0	5	200	68	68
0	5	200	69	69
0	5	200	70	70
0	5	200	71	71
0	5	200	72	72
0	5	200	73	73
0	5	200	74	74
0	5	200	75	75
0	5	200	76	76
0	5	200	77	77
0	5	200	78	78
0	5	200	79	79
0	5	200	80	80
0	5	200	81	81
0	5	200	82	82
0	5	200	83	83
0	5	200	84	84
0	5	200	85	85
0	5	200	86	86
0	5	200	87	87
0	5	200	88	88
0	5	200	89	89
0	5	200	90	90
0	5	200	91	91
0	5	200	92	92
0	5	200	93	93
0	5	200	94	94
0	5	200	95	95
0	5	200	96	96
0	5	200	97	97
0	5	200	98	98
0	5	200	99	99
0	5	200	100	100
0	5	200	101	101
0	5	200	102	102
0	5	200	103	103
0	5	200	104	104
0	5	200	105	105
0	5	200	106	106
0	5	200	107	107
0	5	200	108	108
0	5	200	109	109
0	5	200	110	110
0	5	200	111	111
0	5	200	112	112
0	5	200	113	113
0	5	200	114	114
0	5	200	115	115
0	5	200	116	116
0	5	200	117	117
0	5	200	118	118
0	5	200	119	119
0	5	200	120	120
0	5	200	121	121
0	5	200	122	122
0	5	200	123	123
0	5	200	124	124
0	5	200	125	125
0	5	200	126	126
0	5	200	127	127
0	5	200	128	128
0	5	200	129	129
0	5	200	130	130
0	5	200	131	131
0	5	200	132	132
0	5	200	133	133
0	5	200	134	134
0	5	200	135	135
0	5	200	136	136
0	5	200	137	137
0	5	200	138	138
0	5	200	139	139
0	5	200	140	140
0	5	200	141	141
0	5	200	142	142
0	5	200	143	143
0	5	200	144	144
0	5	200	145	145
0	5	200	146	146
0	5	200	147	147
0	5	200	148	148
0	5	200	149	149
0	5	200	150	150
0	5	200	151	151
0	5	200	152	152
0	5	200	153	153
0	5	200	154	154
0	5	200	155	155
0	5	200	156	156
0	5	200	157	157
0	5	200	158	158
0	5	200	159	159
0	5	200	160	160
0	5	200	161	161
0	5	200	162	162
0	5	200	163	163
0	5	200	164	164
0	5	200	165	165
0	5	200	166	166
0	5	200	167	167
0	5	200	168	168
0	5	200	169	169
0	5	200	170	170
0	5	200	171	171
0	5	200	172	172
0	5	200	173	173
0	5	200	174	174
0	5	200	175	175
0	5	200	176	176
0	5	200	177	177
0	5	200	178	178
0	5	200	179	179
0	5	200	180	180
0	5	200	181	181
0	5	200	182	182
0	5	200	183	183
0	5	200	184	184
0	5	200	185	185
0	5	200	186	186
0	5	200	187	187
0	5	200	188	188
0	5	200	189	189
0	5	200	190	190
0	5	200	191	191
0	5	200	192	192
0	5	200	193	193
0	5	200	194	194
0	5	200	195	195
0	5	200	196	196
0	5	200	197	197
0	5	200	198	198
0	5	200	199	199
0	5	200	200	200
0	5	200	201	201
0	5	200	202	202
0	5	200	203	203
0	5	200	204	204
0	5	200	205	205
0	5	200	206	206
0	5	200	207	207
0	5	200	208	208
0	5	200	209	209
0	5	200	210	210
0	5	200	211	211
0	5	200	212	212
0	5	200	213	213
0	5	200	214	214
0	5	200	215	215
0	5	200	216	216
0	5	200	217	217
0	5	200	218	218
0	5	200	219	219
0	5	200	220	220
0	5	200	221	221
0	5	200	222	222
0	5	200	223	223
0	5	200	224	224
0	5	200	225	225
0	5	200	226	226
0	5	200	227	227
0	5	200	228	228
0	5	200	229	229
0	5	200	230	230
0	5	200	231	231
0	5	200	232	232
0	5	200	233	233
0	5	200	234	234
0	5	200	235	235
0	5	200	236	236
0	5	200	237	237
0	5	200	238	238
0	5	200	239	239
0	5	200	240	240
0	5	200	241	241
0	5	200	242	242
0	5	200	243	243
0	5	200	244	244
0	5	200	245	245
0	5	200	246	246
0	5	200	247	247
0	5	200	248	248
0	5	200	249	249
0	5	200	250	250
0	5	200	251	251
0	5	200	252	252
0	5	200	253	253
0	5	200	254	254
0	5	200	255	255
0	49	200	0	1
0	49	200	1	1
0	49	200	2	2
0	49	200	3	3
0	49	200	4	4
0	49	200	5	5
0	49	200	6	6
0	49	200	7	7
0	49	200	8	8
0	49	200	9	9
0	49	200	10	10
0	49	200	11	11
0	49	200	12	12
0	49	200	13	13
0	49	200	14	14
0	49	200	15	15
0	49	200	16	16
0	49	200	17	17
0	49	200	18	18
0	49	200	19	19
0	49	200	20	20
0	49	200	21	21
0	49	200	22	22
0	49	200	23	23
0	49	200	24	24
0	49	200	25	25
0	49	200	26	26
0	49	200	27	27
0	49	200	28	28
0	49	200	29	29
0	49	200	30	30
0	49	200	31	31
0	49	200	32	32
0	49	200	33	33
0	49	200	34	34
0	49	200	35	35
0	49	200	36	36
0	49	200	37	37
0	49	200	38	38
0	49	200	39	39
0	49	200	40	40
0	49	200	41	41
0	49	200	42	42
0	49	200	43	43
0	49	200	44	44
0	49	200	45	45
0	49	200	46	46
0	49	200	47	47
0	49	200	48	48
0	49	200	49	49
0	49	200	50	50
0	49	200	51	51
0	49	200	52	52
0	49	200	53	53
0	49	200	54	54
0	49	200	55	55
0	49	200	56	56
0	49	200	57	57
0	49	200	58	58
0	49	200	59	59
0	49	200	60	60
0	49	200	61	61
0	49	200	62	62
0	49	200	63	63
0	49	200	64	64
0	49	200	65	65
0	49	200	66	66
0	49	200	67	67
0	49	200	68	68
0	49	200	69	69
0	49	200	70	70
0	49	200	71	71
0	49	200	72	72
0	49	200	73	73
0	49	200	74	74
0	49	200	75	75
0	49	200	76	76
0	49	200	77	77
0	49	200	78	78
0	49	200	79	79
0	49	200	80	80
0	49	200	81	81
0	49	200	82	82
0	49	200	83	83
0	49	200	84	84
0	49	200	85	85
0	49	200	86	86
0	49	200	87	87
0	49	200	88	88
0	49	200	89	89
0	49	200	90	90
0	49	200	91	91
0	49	200	92	92
0	49	200	93	93
0	49	200	94	94
0	49	200	95	95
0	49	200	96	96
0	49	200	97	97
0	49	200	98	98
0	49	200	99	99
0	49	200	100	100
0	49	200	101	101
0	49	200	102	102
0	49	200	103	103
0	49	200	104	104
0	49	200	105	105
0	49	200	106	106
0	49	200	107	107
0	49	200	108	108
0	49	200	109	109
0	49	200	110	110
0	49	200	111	111
0	49	200	112	112
0	49	200	113	113
0	49	200	114	114
0	49	200	115	115
0	49	200	116	116
0	49	200	117	117
0	49	200	118	118
0	49	200	119	119
0	49	200	120	120
0	49	200	121	121
0	49	200	122	122
0	49	200	123	123
0	49	200	124	124
0	49	200	125	125
0	49	200	126	126
0	49	200	127	127
0	49	200	128	128
0	49	200	129	129
0	49	200	130	130
0	49	200	131	131
0	49	200	132	132
0	49	200	133	133
0	49	200	134	134
0	49	200	135	135
0	49	200	136	136
0	49	200	137	137
0	49	200	138	138
0	49	200	139	139
0	49	200	140	140
0	49	200	141	141
0	49	200	142	142
0	49	200	143	143
0	49	200	144	144
0	49	200	145	145
0	49	200	146	146
0	49	200	147	147
0	49	200	148	148
0	49	200	149	149
0	49	200	150	150
0	49	200	151	151
0	49	200	152	152
0	49	200	153	153
0	49	200	154	154
0	49	200	155	155
0	49	200	156	156
0	49	200	157	157
0	49	200	158	158
0	49	200	159	159
0	49	200	160	160
0	49	200	161	161
0	49	200	162	162
0	49	200	163	163
0	49	200	164	164
0	49	200	165	165
0	49	200	166	166
0	49	200	167	167
0	49	200	168	168
0	49	200	169	169
0	49	200	170	170
0	49	200	171	171
0	49	200	172	172
0	49	200	173	173
0	49	200	174	174
0	49	200	175	175
0	49	200	176	176
0	49	200	177	177
0	49	200	178	178
0	49	200	179	179
0	49	200	180	180
0	49	200	181	181
0	49	200	182	182
0	49	200	183	183
0	49	200	184	184
0	49	200	185	185
0	49	200	186	186
0	49	200	187	187
0	49	200	188	188
0	49	200	189	189
0	49	200	190	190
0	49	200	191	191
0	49	200	192	192
0	49	200	193	193
0	49	200	194	194
0	49	200	195	195
0	49	200	196	196
0	49	200	197	197
0	49	200	198	198
0	49	200	199	199
0	49	200	200	200
0	49	200	201	201
0	49	200	202	202
0	49	200	203	203
0	49	200	204	204
0	49	200	205	205
0	49	200	206	206
0	49	200	207	207
0	49	200	208	208
0	49	200	209	209
0	49	200	210	210
0	49	200	211	211
0	49	200	212	212
0	49	200	213	213
0	49	200	214	214
0	49	200	215	215
0	49	200	216	216
0	49	200	217	217
0	49	200	218	218
0	49	200	219	219
0	49	200	220	220
0	49	200	221	221
0	49	200	222	222
0	49	200	223	223
0	49	200	224	224
0	49	200	225	225
0	49	200	226	226
0	49	200	227	227
0	49	200	228	228
0	49	200	229	229
0	49	200	230	230
0	49	200	231	231
0	49	200	232	232
0	49	200	233	233
0	49	200	234	234
0	49	200	235	235
0	49	200	236	236
0	49	200	237	237
0	49	200	238	238
0	49	200	239	239
0	49	200	240	240
0	49	200	241	241
0	49	200	242	242
0	49	200	243	243
0	49	200	244	244
0	49	200	245	245
0	49	200	246	246
0	49	200	247	247
0	49	200	248	248
0	49	200	249	249
0	49	200	250	250
0	49	200	251	251
0	49	200	252	252
0	49	200	253	253
0	49	200	254	254
0	49	200	255	255
0	50	200	0	0
0	50	200	1	0
0	50	200	2	2
0	50	200	3	3
0	50	200	4	4
0	50	200	5	5
0	50	200	6	6
0	50	200	7	7
0	50	200	8	8
0	50	200	9	9
0	50	200	10	10
0	50	200	11	11
0	50	200	12	12
0	50	200	13	13
0	50	200	14	14
0	50	200	15	15
0	50	200	16	16
0	50	200	17	17
0	50	200	18	18
0	50	200	19	19
0	50	200	20	20
0	50	200	21	21
0	50	200	22	22
0	50	200	23	23
0	50	200	24	24
0	50	200	25	25
0	50	200	26	26
0	50	200	27	27
0	50	200	28	28
0	50	200	29	29
0	50	200	30	30
0	50	200	31	31
0	50	200	32	32
0	50	200	33	33
0	50	200	34	34
0	50	200	35	35
0	50	200	36	36
0	50	200	37	37
0	50	200	38	38
0	50	200	39	39
0	50	200	40	40
0	50	200	41	41
0	50	200	42	42
0	50	200	43	43
0	50	200	44	44
0	50	200	45	45
0	50	200	46	46
0	50	200	47	47
0	50	200	48	48
0	50	200	49	49
0	50	200	50	50
0	50	200	51	51
0	50	200	52	52
0	50	200	53	53
0	50	200	54	54
0	50	200	55	55
0	50	200	56	56
0	50	200	57	57
0	50	200	58	58
0	50	200	59	59
0	50	200	60	60
0	50	200	61	61
0	50	200	62	62
0	50	200	63	63
0	50	200	64	64
0	50	200	65	65
0	50	200	66	66
0	50	200	67	67
0	50	200	68	68
0	50	200	69	69
0	50	200	70	70
0	50	200	71	71
0	50	200	72	72
0	50	200	73	73
0	50	200	74	74
0	50	200	75	75
0	50	200	76	76
0	50	200	77	77
0	50	200	78	78
0	50	200	79	79
0	50	200	80	80
0	50	200	81	81
0	50	200	82	82
0	50	200	83	83
0	50	200	84	84
0	50	200	85	85
0	50	200	86	86
0	50	200	87	87
0	50	200	88	88
0	50	200	89	89
0	50	200	90	90
0	50	200	91	91
0	50	200	92	92
0	50	200	93	93
0	50	200	94	94
0	50	200	95	95
0	50	200	96	96
0	50	200	97	97
0	50	200	98	98
0	50	200	99	99
0	50	200	100	100
0	50	200	101	101
0	50	200	102	102
0	50	200	103	103
0	50	200	104	104
0	50	200	105	105
0	50	200	106	106
0	50	200	107	107
0	50	200	108	108
0	50	200	109	109
0	50	200	110	110
0	50	200	111	111
0	50	200	112	112
0	50	200	113	113
0	50	200	114	114
0	50	200	115	115
0	50	200	116	116
0	50	200	117	117
0	50	200	118	118
0	50	200	119	119
0	50	200	120	120
0	50	200	121	121
0	50	200	122	122
0	50	200	123	123
0	50	200	124	124
0	50	200	125	125
0	50	200	126	126
0	50	200	127	127
0	50	200	128	128
0	50	200	129	129
0	50	200	130	130
0	50	200	131	131
0	50	200	132	132
0	50	200	133	133
0	50	200	134	134
0	50	200	135	135
0	50	200	136	136
0	50	200	137	137
0	50	200	138	138
0	50	200	139	139
0	50	200	140	140
0	50	200	141	141
0	50	200	142	142
0	50	200	143	143
0	50	200	144	144
0	50	200	145	145
0	50	200	146	146
0	50	200	147	147
0	50	200	148	148
0	50	200	149	149
0	50	200	150	150
0	50	200	151	151
0	50	200	152	152
0	50	200	153	153
0	50	200	154	154
0	50	200	155	155
0	50	200	156	156
0	50	200	157	157
0	50	200	158	158
0	50	200	159	159
0	50	200	160	160
0	50	200	161	161
0	50	200	162	162
0	50	200	163	163
0	50	200	164	164
0	50	200	165	165
0	50	200	166	166
0	50	200	167	167
0	50	200	168	168
0	50	200	169	169
0	50	200	170	170
0	50	200	171	171
0	50	200	172	172
0	50	200	173	173
0	50	200	174	174
0	50	200	175	175
0	50	200	176	176
0	50	200	177	177
0	50	200	178	178
0	50	200	179	179
0	50	200	180	180
0	50	200	181	181
0	50	200	182	182
0	50	200	183	183
0	50	200	184	184
0	50	200	185	185
0	50	200	186	186
0	50	200	187	187
0	50	200	188	188
0	50	200	189	189
0	50	200	190	190
0	50	200	191	191
0	50	200	192	192
0	50	200	193	193
0	50	200	194	194
0	50	200	195	195
0	50	200	196	196
0	50	200	197	197
0	50	200	198	198
0	50	200	199	199
0	50	200	200	200
0	50	200	201	201
0	50	200	202	202
0	50	200	203	203
0	50	200	204	204
0	50	200	205	205
0	50	200	206	206
0	50	200	207	207
0	50	200	208	208
0	50	200	209	209
0	50	200	210	210
0	50	200	211	211
0	50	200	212	212
0	50	200	213	213
0	50	200	214	214
0	50	200	215	215
0	50	200	216	216
0	50	200	217	217
0	50	200	218	218
0	50	200	219	219
0	50	200	220	220
0	50	200	221	221
0	50	200	222	222
0	50	200	223	223
0	50	200	224	224
0	50	200	225	225
0	50	200	226	226
0	50	200	227	227
0	50	200	228	228
0	50	200	229	229
0	50	200	230	230
0	50	200	231	231
0	50	200	232	232
0	50	200	233	233
0	50	200	234	234
0	50	200	235	235
0	50	200	236	236
0	50	200	237	237
0	50	200	238	238
0	50	200	239	239
0	50	200	240	240
0	50	200	241	241
0	50	200	242	242
0	50	200	243	243
0	50	200	244	244
0	50	200	245	245
0	50	200	246	246
0	50	200	247	247
0	50	200	248	248
0	50	200	249	249
0	50	200	250	250
0	50	200	251	251
0	50	200	252	252
0	50	200	253	253
0	50	200	254	254
0	50	200	255	255
0	200	200	0	0
0	200	200	1	0
0	200	200	2	2
0	200	200	3	3
0	200	200	4	4
0	200	200	5	5
0	200	200	6	6
0	200	200	7	7
0	200	200	8	8
0	200	200	9	9
0	200	200	10	10
0	200	200	11	11
0	200	200	12	12
0	200	200	13	13
0	200	200	14	14
0	200	200	15	15
0	200	200	16	16
0	200	200	17	17
0	200	200	18	18
0	200	200	19	19
0	200	200	20	20
0	200	200	21	21
0	200	200	22	22
0	200	200	23	23
0	200	200	24	24
0	200	200	25	25
0	200	200	26	26
0	200	200	27	27
0	200	200	28	28
0	200	200	29	29
0	200	200	30	30
0	200	200	31	31
0	200	200	32	32
0	200	200	33	33
0	200	200	34	34
0	200	200	35	35
0	200	200	36	36
0	200	200	37	37
0	200	200	38	38
0	200	200	39	39
0	200	200	40	40
0	200	200	41	41
0	200	200	42	42
0	200	200	43	43
0	200	200	44	44
0	200	200	45	45
0	200	200	46	46
0	200	200	47	47
0	200	200	48	48
0	200	200	49	49
0	200	200	50	50
0	200	200	51	51
0	200	200	52	52
0	200	200	53	53
0	200	200	54	54
0	200	200	55	55
0	200	200	56	56
0	200	200	57	57
0	200	200	58	58
0	200	200	59	59
0	200	200	60	60
0	200	200	61	61
0	200	200	62	62
0	200	200	63	63
0	200	200	64	64
0	200	200	65	65
0	200	200	66	66
0	200	200	67	67
0	200	200	68	68
0	200	200	69	69
0	200	200	70	70
0	200	200	71	71
0	200	200	72	72
0	200	200	73	73
0	200	200	74	74
0	200	200	75	75
0	200	200	76	76
0	200	200	77	77
0	200	200	78	78
0	200	200	79	79
0	200	200	80	80
0	200	200	81	81
0	200	200	82	82
0	200	200	83	83
0	200	200	84	84
0	200	200	85	85
0	200	200	86	86
0	200	200	87	87
0	200	200	88	88
0	200	200	89	89
0	200	200	90	90
0	200	200	91	91
0	200	200	92	92
0	200	200	93	93
0	200	200	94	94
0	200	200	95	95
0	200	200	96	96
0	200	200	97	97
0	200	200	98	98
0	200	200	99	99
0	200	200	100	100
0	200	200	101	101
0	200	200	102	102
0	200	200	103	103
0	200	200	104	104
0	200	200	105	105
0	200	200	106	106
0	200	200	107	107
0	200	200	108	108
0	200	200	109	109
0	200	200	110	110
0	200	200	111	111
0	200	200	112	112
0	200	200	113	113
0	200	200	114	114
0	200	200	115	115
0	200	200	116	116
0	200	200	117	117
0	200	200	118	118
0	200	200	119	119
0	200	200	120	120
0	200	200	121	121
0	200	200	122	122
0	200	200	123	123
0	200	200	124	124
0	200	200	125	125
0	200	200	126	126
0	200	200	127	127
0	200	200	128	128
0	200	200	129	129
0	200	200	130	130
0	200	200	131	131
0	200	200	132	132
0	200	200	133	133
0	200	200	134	134
0	200	200	135	135
0	200	200	136	136
0	200	200	137	137
0	200	200	138	138
0	200	200	139	139
0	200	200	140	140
0	200	200	141	141
0	200	200	142	142
0	200	200	143	143
0	200	200	144	144
0	200	200	145	145
0	200	200	146	146
0	200	200	147	147
0	200	200	148	148
0	200	200	149	149
0	200	200	150	150
0	200	200	151	151
0	200	200	152	152
0	200	200	153	153
0	200	200	154	154
0	200	200	155	155
0	200	200	156	156
0	200	200	157	157
0	200	200	158	158
0	200	200	159	159
0	200	200	160	160
0	200	200	161	161
0	200	200	162	162
0	200	200	163	163
0	200	200	164	164
0	200	200	165	165
0	200	200	166	166
0	200	200	167	167
0	200	200	168	168
0	200	200	169	169
0	200	200	170	170
0	200	200	171	171
0	200	200	172	172
0	200	200	173	173
0	200	200	174	174
0	200	200	175	175
0	200	200	176	176
0	200	200	177	177
0	200	200	178	178
0	200	200	179	179
0	200	200	180	180
0	200	200	181	181
0	200	200	182	182
0	200	200	183	183
0	200	200	184	184
0	200	200	185	185
0	200	200	186	186
0	200	200	187	187
0	200	200	188	188
0	200	200	189	189
0	200	200	190	190
0	200	200	191	191
0	200	200	192	192
0	200	200	193	193
0	200	200	194	194
0	200	200	195	195
0	200	200	196	196
0	200	200	197	197
0	200	200	198	198
0	200	200	199	199
0	200	200	200	200
0	200	200	201	201
0	200	200	202	202
0	200	200	203	203
0	200	200	204	204
0	200	200	205	205
0	200	200	206	206
0	200	200	207	207
0	200	200	208	208
0	200	200	209	209
0	200	200	210	210
0	200	200	211	211
0	200	200	212	212
0	200	200	213	213
0	200	200	214	214
0	200	200	215	215
0	200	200	216	216
0	200	200	217	217
0	200	200	218	218
0	200	200	219	219
0	200	200	220	220
0	200	200	221	221
0	200	200	222	222
0	200	200	223	223
0	200	200	224	224
0	200	200	225	225
0	200	200	226	226
0	200	200	227	227
0	200	200	228	228
0	200	200	229	229
0	200	200	230	230
0	200	200	231	231
0	200	200	232	232
0	200	200	233	233
0	200	200	234	234
0	200	200	235	235
0	200	200	236	236
0	200	200	237	237
0	200	200	238	238
0	200	200	239	239
0	200	200	240	240
0	200	200	241	241
0	200	200	242	242
0	200	200	243	243
0	200	200	244	244
0	200	200	245	245
0	200	200	246	246
0	200	200	247	247
0	200	200	248	248
0	200	200	249	249
0	200	200	250	250
0	200	200	251	251
0	200	200	252	252
0	200	200	253	253
0	200	200	254	254
0	200	200	255	255
1	0	200	0	32
1	0	200	1	32
1	0	200	2	32
1	0	200	3	32
1	0	200	4	32
1	0	200	5	32
1	0	200	6	32
1	0	200	7	32
1	0	200	8	32
1	0	200	9	32
1	0	200	10	32
1	0	200	11	32
1	0	200	12	32
1	0	200	13	32
1	0	200	14	32
1	0	200	15	32
1	0	200	16	32
1	0	200	17	32
1	0	200	18	32
1	0	200	19	32
1	0	200	20	32
1	0	200	21	32
1	0	200	22	32
1	0	200	23	32
1	0	200	24	32
1	0	200	25	32
1	0	200	26	32
1	0	200	27	32
1	0	200	28	32
1	0	200	29	32
1	0	200	30	32
1	0	200	31	32
1	0	200	32	32
1	0	200	33	32
1	0	200	34	32
1	0	200	35	32
1	0	200	36	32
1	0	200	37	32
1	0	200	38	32
1	0	200	39	32
1	0	200	40	32
1	0	200	41	32
1	0	200	42	32
1	0	200	43	32
1	0	200	44	32
1	0	200	45	32
1	0	200	46	32
1	0	200	47	32
1	0	200	48	32
1	0	200	49	32
1	0	200	50	32
1	0	200	51	32
1	0	200	52	32
1	0	200	53	32
1	0	200	54	32
1	0	200	55	32
1	0	200	56	32
1	0	200	57	32
1	0	200	58	32
1	0	200	59	32
1	0	200	60	32
1	0	200	61	32
1	0	200	62	32
1	0	200	63	32
1	0	200	64	32
1	0	200	65	32
1	0	200	66	32
1	0	200	67	32
1	0	200	68	32
1	0	200	69	32
1	0	200	70	32
1	0	200	71	32
1	0	200	72	32
1	0	200	73	32
1	0	200	74	32
1	0	200	75	32
1	0	200	76	32
1	0	200	77	32
1	0	200	78	32
1	0	200	79	32
1	0	200	80	32
1	0	200	81	32
1	0	200	82	32
1	0	200	83	32
1	0	200	84	32
1	0	200	85	32
1	0	200	86	32
1	0	200	87	32
1	0	200	88	32
1	0	200	89	32
1	0	200	90	32
1	0	200	91	32
1	0	200	92	32
1	0	200	93	32
1	0	200	94	32
1	0	200	95	32
1	0	200	96	32
1	0	200	97	32
1	0	200	98	32
1	0	200	99	32
1	0	200	100	32
1	0	200	101	32
1	0	200	102	32
1	0	200	103	32
1	0	200	104	32
1	0	200	105	32
1	0	200	106	32
1	0	200	107	32
1	0	200	108	32
1	0	200	109	32
1	0	200	110	32
1	0	200	111	32
1	0	200	112	32
1	0	200	113	32
1	0	200	114	32
1	0	200	115	32
1	0	200	116	32
1	0	200	117	32
1	0	200	118	32
1	0	200	119	32
1	0	200	120	32
1	0	200	121	32
1	0	200	122	32
1	0	200	123	32
1	0	200	124	32
1	0	200	125	32
1	0	200	126	32
1	0	200	127	32
1	0	200	128	32
1	0	200	129	32
1	0	200	130	32
1	0	200	131	32
1	0	200	132	32
1	0	200	133	32
1	0	200	134	32
1	0	200	135	32
1	0	200	136	32
1	0	200	137	32
1	0	200	138	32
1	0	200	139	32
1	0	200	140	32
1	0	200	141	32
1	0	200	142	32
1	0	200	143	32
1	0	200	144	32
1	0	200	145	32
1	0	200	146	32
1	0	200	147	32
1	0	200	148	32
1	0	200	149	32
1	0	200	150	32
1	0	200	151	32
1	0	200	152	32
1	0	200	153	32
1	0	200	154	32
1	0	200	155	32
1	0	200	156	32
1	0	200	157	32
1	0	200	158	32
1	0	200	159	32
1	0	200	160	32
1	0	200	161	32
1	0	200	162	32
1	0	200	163	32
1	0	200	164	32
1	0	200	165	32
1	0	200	166	32
1	0	200	167	32
1	0	200	168	32
1	0	200	169	32
1	0	200	170	32
1	0	200	171	32
1	0	200	172	32
1	0	200	173	32
1	0	200	174	32
1	0	200	175	32
1	0	200	176	32
1	0	200	177	32
1	0	200	178	32
1	0	200	179	32
1	0	200	180	32
1	0	200	181	32
1	0	200	182	32
1	0	200	183	32
1	0	200	184	32
1	0	200	185	32
1	0	200	186	32
1	0	200	187	32
1	0	200	188	32
1	0	200	189	32
1	0	200	190	32
1	0	200	191	32
1	0	200	192	32
1	0	200	193	32
1	0	200	194	32
1	0	200	195	32
1	0	200	196	32
1	0	200	197	32
1	0	200	198	32
1	0	200	199	32
1	0	200	200	32
1	0	200	201	32
1	0	200	202	32
1	0	200	203	32
1	0	200	204	32
1	0	200	205	32
1	0	200	206	32
1	0	200	207	32
1	0	200	208	32
1	0	200	209	32
1	0	200	210	32
1	0	200	211	32
1	0	200	212	32
1	0	200	213	32
1	0	200	214	32
1	0	200	215	32
1	0	200	216	32
1	0	200	217	32
1	0	200	218	32
1	0	200	219	32
1	0	200	220	32
1	0	200	221	32
1	0	200	222	32
1	0	200	223	32
1	0	200	224	32
1	0	200	225	32
1	0	200	226	32
1	0	200	227	32
1	0	200	228	32
1	0	200	229	32
1	0	200	230	32
1	0	200	231	32
1	0	200	232	32
1	0	200	233	32
1	0	200	234	32
1	0	200	235	32
1	0	200	236	32
1	0	200	237	32
1	0	200	238	32
1	0	200	239	32
1	0	200	240	32
1	0	200	241	32
1	0	200	242	32
1	0	200	243	32
1	0	200	244	32
1	0	200	245	32
1	0	200	246	32
1	0	200	247	32
1	0	200	248	32
1	0	200	249	32
1	0	200	250	32
1	0	200	251	32
1	0	200	252	32
1	0	200	253	32
1	0	200	254	32
1	0	200	255	32
1	5	200	0	1
1	5	200	1	1
1	5	200	2	2
1	5	200	3	3
1	5	200	4	4
1	5	200	5	5
1	5	200	6	6
1	5	200	7	7
1	5	200	8	8
1	5	200	9	9
1	5	200	10	10
1	5	200	11	11
1	5	200	12	12
1	5	200	13	13
1	5	200	14	14
1	5	200	15	15
1	5	200	16	16
1	5	200	17	17
1	5	200	18	18
1	5	200	19	19
1	5	200	20	20
1	5	200	21	21
1	5	200	22	22
1	5	200	23	23
1	5	200	24	24
1	5	200	25	25
1	5	200	26	26
1	5	200	27	27
1	5	200	28	28
1	5	200	29	29
1	5	200	30	30
1	5	200	31	31
1	5	200	32	32
1	5	200	33	33
1	5	200	34	34
1	5	200	35	35
1	5	200	36	36
1	5	200	37	37
1	5	200	38	38
1	5	200	39	39
1	5	200	40	40
1	5	200	41	41
1	5	200	42	42
1	5	200	43	43
1	5	200	44	44
1	5	200	45	45
1	5	200	46	46
1	5	200	47	47
1	5	200	48	48
1	5	200	49	49
1	5	200	50	50
1	5	200	51	51
1	5	200	52	52
1	5	200	53	53
1	5	200	54	54
1	5	200	55	55
1	5	200	56	56
1	5	200	57	57
1	5	200	58	58
1	5	200	59	59
1	5	200	60	60
1	5	200	61	61
1	5	200	62	62
1	5	200	63	63
1	5	200	64	64
1	5	200	65	65
1	5	200	66	66
1	5	200	67	67
1	5	200	68	68
1	5	200	69	69
1	5	200	70	70
1	5	200	71	71
1	5	200	72	72
1	5	200	73	73
1	5	200	74	74
1	5	200	75	75
1	5	200	76	76
1	5	200	77	77
1	5	200	78	78
1	5	200	79	79
1	5	200	80	80
1	5	200	81	81
1	5	200	82	82
1	5	200	83	83
1	5	200	84	84
1	5	200	85	85
1	5	200	86	86
1	5	200	87	87
1	5	200	88	88
1	5	200	89	89
1	5	200	90	90
1	5	200	91	91
1	5	200	92	92
1	5	200	93	93
1	5	200	94	94
1	5	200	95	95
1	5	200	96	96
1	5	200	97	97
1	5	200	98	98
1	5	200	99	99
1	5	200	100	100
1	5	200	101	101
1	5	200	102	102
1	5	200	103	103
1	5	200	104	104
1	5	200	105	105
1	5	200	106	106
1	5	200	107	107
1	5	200	108	108
1	5	200	109	109
1	5	200	110	110
1	5	200	111	111
1	5	200	112	112
1	5	200	113	113
1	5	200	114	114
1	5	200	115	115
1	5	200	116	116
1	5	200	117	117
1	5	200	118	118
1	5	200	119	119
1	5	200	120	120
1	5	200	121	121
1	5	200	122	122
1	5	200	123	123
1	5	200	124	124
1	5	200	125	125
1	5	200	126	126
1	5	200	127	127
1	5	200	128	128
1	5	200	129	129
1	5	200	130	130
1	5	200	131	131
1	5	200	132	132
1	5	200	133	133
1	5	200	134	134
1	5	200	135	135
1	5	200	136	136
1	5	200	137	137
1	5	200	138	138
1	5	200	139	139
1	5	200	140	140
1	5	200	141	141
1	5	200	142	142
1	5	200	143	143
1	5	200	144	144
1	5	200	145	145
1	5	200	146	146
1	5	200	147	147
1	5	200	148	148
1	5	200	149	149
1	5	200	150	150
1	5	200	151	151
1	5	200	152	152
1	5	200	153	153
1	5	200	154	154
1	5	200	155	155
1	5	200	156	156
1	5	200	157	157
1	5	200	158	158
1	5	200	159	159
1	5	200	160	160
1	5	200	161	161
1	5	200	162	162
1	5	200	163	163
1	5	200	164	164
1	5	200	165	165
1	5	200	166	166
1	5	200	167	167
1	5	200	168	168
1	5	200	169	169
1	5	200	170	170
1	5	200	171	171
1	5	200	172	172
1	5	200	173	173
1	5	200	174	174
1	5	200	175	175
1	5	200	176	176
1	5	200	177	177
1	5	200	178	178
1	5	200	179	179
1	5	200	180	180
1	5	200	181	181
1	5	200	182	182
1	5	200	183	183
1	5	200	184	184
1	5	200	185	185
1	5	200	186	186
1	5	200	187	187
1	5	200	188	188
1	5	200	189	189
1	5	200	190	190
1	5	200	191	191
1	5	200	192	192
1	5	200	193	193
1	5	200	194	194
1	5	200	195	195
1	5	200	196	196
1	5	200	197	197
1	5	200	198	198
1	5	200	199	199
1	5	200	200	200
1	5	200	201	201
1	5	200	202	202
1	5	200	203	203
1	5	200	204	204
1	5	200	205	205
1	5	200	206	206
1	5	200	207	207
1	5	200	208	208
1	5	200	209	209
1	5	200	210	210
1	5	200	211	211
1	5	200	212	212
1	5	200	213	213
1	5	200	214	214
1	5	200	215	215
1	5	200	216	216
1	5	200	217	217
1	5	200	218	218
1	5	200	219	219
1	5	200	220	220
1	5	200	221	221
1	5	200	222	222
1	5	200	223	223
1	5	200	224	224
1	5	200	225	225
1	5	200	226	226
1	5	200	227	227
1	5	200	228	228
1	5	200	229	229
1	5	200	230	230
1	5	200	231	231
1	5	200	232	232
1	5	200	233	233
1	5	200	234	234
1	5	200	235	235
1	5	200	236	236
1	5	200	237	237
1	5	200	238	238
1	5	200	239	239
1	5	200	240	240
1	5	200	241	241
1	5	200	242	242
1	5	200	243	243
1	5	200	244	244
1	5	200	245	245
1	5	200	246	246
1	5	200	247	247
1	5	200	248	248
1	5	200	249	249
1	5	200	250	250
1	5	200	251	251
1	5	200	252	252
1	5	200	253	253
1	5	200	254	254
1	5	200	255	255
1	49	200	0	1
1	49	200	1	1
1	49	200	2	2
1	49	200	3	3
1	49	200	4	4
1	49	200	5	5
1	49	200	6	6
1	49	200	7	7
1	49	200	8	8
1	49	200	9	9
1	49	200	10	10
1	49	200	11	11
1	49	200	12	12
1	49	200	13	13
1	49	200	14	14
1	49	200	15	15
1	49	200	16	16
1	49	200	17	17
1	49	200	18	18
1	49	200	19	19
1	49	200	20	20
1	49	200	21	21
1	49	200	22	22
1	49	200	23	23
1	49	200	24	24
1	49	200	25	25
1	49	200	26	26
1	49	200	27	27
1	49	200	28	28
1	49	200	29	29
1	49	200	30	30
1	49	200	31	31
1	49	200	32	32
1	49	200	33	33
1	49	200	34	34
1	49	200	35	35
1	49	200	36	36
1	49	200	37	37
1	49	200	38	38
1	49	200	39	39
1	49	200	40	40
1	49	200	41	41
1	49	200	42	42
1	49	200	43	43
1	49	200	44	44
1	49	200	45	45
1	49	200	46	46
1	49	200	47	47
1	49	200	48	48
1	49	200	49	49
1	49	200	50	50
1	49	200	51	51
1	49	200	52	52
1	49	200	53	53
1	49	200	54	54
1	49	200	55	55
1	49	200	56	56
1	49	200	57	57
1	49	200	58	58
1	49	200	59	59
1	49	200	60	60
1	49	200	61	61
1	49	200	62	62
1	49	200	63	63
1	49	200	64	64
1	49	200	65	65
1	49	200	66	66
1	49	200	67	67
1	49	200	68	68
1	49	200	69	69
1	49	200	70	70
1	49	200	71	71
1	49	200	72	72
1	49	200	73	73
1	49	200	74	74
1	49	200	75	75
1	49	200	76	76
1	49	200	77	77
1	49	200	78	78
1	49	200	79	79
1	49	200	80	80
1	49	200	81	81
1	49	200	82	82
1	49	200	83	83
1	49	200	84	84
1	49	200	85	85
1	49	200	86	86
1	49	200	87	87
1	49	200	88	88
1	49	200	89	89
1	49	200	90	90
1	49	200	91	91
1	49	200	92	92
1	49	200	93	93
1	49	200	94	94
1	49	200	95	95
1	49	200	96	96
1	49	200	97	97
1	49	200	98	98
1	49	200	99	99
1	49	200	100	100
1	49	200	101	101
1	49	200	102	102
1	49	200	103	103
1	49	200	104	104
1	49	200	105	105
1	49	200	106	106
1	49	200	107	107
1	49	200	108	108
1	49	200	109	109
1	49	200	110	110
1	49	200	111	111
1	49	200	112	112
1	49	200	113	113
1	49	200	114	114
1	49	200	115	115
1	49	200	116	116
1	49	200	117	117
1	49	200	118	118
1	49	200	119	119
1	49	200	120	120
1	49	200	121	121
1	49	200	122	122
1	49	200	123	123
1	49	200	124	124
1	49	200	125	125
1	49	200	126	126
1	49	200	127	127
1	49	200	128	128
1	49	200	129	129
1	49	200	130	130
1	49	200	131	131
1	49	200	132	132
1	49	200	133	133
1	49	200	134	134
1	49	200	135	135
1	49	200	136	136
1	49	200	137	137
1	49	200	138	138
1	49	200	139	139
1	49	200	140	140
1	49	200	141	141
1	49	200	142	142
1	49	200	143	143
1	49	200	144	144
1	49	200	145	145
1	49	200	146	146
1	49	200	147	147
1	49	200	148	148
1	49	200	149	149
1	49	200	150	150
1	49	200	151	151
1	49	200	152	152
1	49	200	153	153
1	49	200	154	154
1	49	200	155	155
1	49	200	156	156
1	49	200	157	157
1	49	200	158	158
1	49	200	159	159
1	49	200	160	160
1	49	200	161	161
1	49	200	162	162
1	49	200	163	163
1	49	200	164	164
1	49	200	165	165
1	49	200	166	166
1	49	200	167	167
1	49	200	168	168
1	49	200	169	169
1	49	200	170	170
1	49	200	171	171
1	49	200	172	172
1	49	200	173	173
1	49	200	174	174
1	49	200	175	175
1	49	200	176	176
1	49	200	177	177
1	49	200	178	178
1	49	200	179	179
1	49	200	180	180
1	49	200	181	181
1	49	200	182	182
1	49	200	183	183
1	49	200	184	184
1	49	200	185	185
1	49	200	186	186
1	49	200	187	187
1	49	200	188	188
1	49	200	189	189
1	49	200	190	190
1	49	200	191	191
1	49	200	192	192
1	49	200	193	193
1	49	200	194	194
1	49	200	195	195
1	49	200	196	196
1	49	200	197	197
1	49	200	198	198
1	49	200	199	199
1	49	200	200	200
1	49	200	201	201
1	49	200	202	202
1	49	200	203	203
1	49	200	204	204
1	49	200	205	205
1	49	200	206	206
1	49	200	207	207
1	49	200	208	208
1	49	200	209	209
1	49	200	210	210
1	49	200	211	211
1	49	200	212	212
1	49	200	213	213
1	49	200	214	214
1	49	200	215	215
1	49	200	216	216
1	49	200	217	217
1	49	200	218	218
1	49	200	219	219
1	49	200	220	220
1	49	200	221	221
1	49	200	222	222
1	49	200	223	223
1	49	200	224	224
1	49	200	225	225
1	49	200	226	226
1	49	200	227	227
1	49	200	228	228
1	49	200	229	229
1	49	200	230	230
1	49	200	231	231
1	49	200	232	232
1	49	200	233	233
1	49	200	234	234
1	49	200	235	235
1	49	200	236	236
1	49	200	237	237
1	49	200	238	238
1	49	200	239	239
1	49	200	240	240
1	49	200	241	241
1	49	200	242	242
1	49	200	243	243
1	49	200	244	244
1	49	200	245	245
1	49	200	246	246
1	49	200	247	247
1	49	200	248	248
1	49	200	249	249
1	49	200	250	250
1	49	200	251	251
1	49	200	252	252
1	49	200	253	253
1	49	200	254	254
1	49	200	255	255
1	50	200	0	0
1	50	200	1	0
1	50	200	2	2
1	50	200	3	3
1	50	200	4	4
1	50	200	5	5
1	50	200	6	6
1	50	200	7	7
1	50	200	8	8
1	50	200	9	9
1	50	200	10	10
1	50	200	11	11
1	50	200	12	12
1	50	200	13	13
1	50	200	14	14
1	50	200	15	15
1	50	200	16	16
1	50	200	17	17
1	50	200	18	18
1	50	200	19	19
1	50	200	20	20
1	50	200	21	21
1	50	200	22	22
1	50	200	23	23
1	50	200	24	24
1	50	200	25	25
1	50	200	26	26
1	50	200	27	27
1	50	200	28	28
1	50	200	29	29
1	50	200	30	30
1	50	200	31	31
1	50	200	32	32
1	50	200	33	33
1	50	200	34	34
1	50	200	35	35
1	50	200	36	36
1	50	200	37	37
1	50	200	38	38
1	50	200	39	39
1	50	200	40	40
1	50	200	41	41
1	50	200	42	42
1	50	200	43	43
1	50	200	44	44
1	50	200	45	45
1	50	200	46	46
1	50	200	47	47
1	50	200	48	48
1	50	200	49	49
1	50	200	50	50
1	50	200	51	51
1	50	200	52	52
1	50	200	53	53
1	50	200	54	54
1	50	200	55	55
1	50	200	56	56
1	50	200	57	57
1	50	200	58	58
1	50	200	59	59
1	50	200	60	60
1	50	200	61	61
1	50	200	62	62
1	50	200	63	63
1	50	200	64	64
1	50	200	65	65
1	50	200	66	66
1	50	200	67	67
1	50	200	68	68
1	50	200	69	69
1	50	200	70	70
1	50	200	71	71
1	50	200	72	72
1	50	200	73	73
1	50	200	74	74
1	50	200	75	75
1	50	200	76	76
1	50	200	77	77
1	50	200	78	78
1	50	200	79	79
1	50	200	80	80
1	50	200	81	81
1	50	200	82	82
1	50	200	83	83
1	50	200	84	84
1	50	200	85	85
1	50	200	86	86
1	50	200	87	87
1	50	200	88	88
1	50	200	89	89
1	50	200	90	90
1	50	200	91	91
1	50	200	92	92
1	50	200	93	93
1	50	200	94	94
1	50	200	95	95
1	50	200	96	96
1	50	200	97	97
1	50	200	98	98
1	50	200	99	99
1	50	200	100	100
1	50	200	101	101
1	50	200	102	102
1	50	200	103	103
1	50	200	104	104
1	50	200	105	105
1	50	200	106	106
1	50	200	107	107
1	50	200	108	108
1	50	200	109	109
1	50	200	110	110
1	50	200	111	111
1	50	200	112	112
1	50	200	113	113
1	50	200	114	114
1	50	200	115	115
1	50	200	116	116
1	50	200	117	117
1	50	200	118	118
1	50	200	119	119
1	50	200	120	120
1	50	200	121	121
1	50	200	122	122
1	50	200	123	123
1	50	200	124	124
1	50	200	125	125
1	50	200	126	126
1	50	200	127	127
1	50	200	128	128
1	50	200	129	129
1	50	200	130	130
1	50	200	131	131
1	50	200	132	132
1	50	200	133	133
1	50	200	134	134
1	50	200	135	135
1	50	200	136	136
1	50	200	137	137
1	50	200	138	138
1	50	200	139	139
1	50	200	140	140
1	50	200	141	141
1	50	200	142	142
1	50	200	143	143
1	50	200	144	144
1	50	200	145	145
1	50	200	146	146
1	50	200	147	147
1	50	200	148	148
1	50	200	149	149
1	50	200	150	150
1	50	200	151	151
1	50	200	152	152
1	50	200	153	153
1	50	200	154	154
1	50	200	155	155
1	50	200	156	156
1	50	200	157	157
1	50	200	158	158
1	50	200	159	159
1	50	200	160	160
1	50	200	161	161
1	50	200	162	162
1	50	200	163	163
1	50	200	164	164
1	50	200	165	165
1	50	200	166	166
1	50	200	167	167
1	50	200	168	168
1	50	200	169	169
1	50	200	170	170
1	50	200	171	171
1	50	200	172	172
1	50	200	173	173
1	50	200	174	174
1	50	200	175	175
1	50	200	176	176
1	50	200	177	177
1	50	200	178	178
1	50	200	179	179
1	50	200	180	180
1	50	200	181	181
1	50	200	182	182
1	50	200	183	183
1	50	200	184	184
1	50	200	185	185
1	50	200	186	186
1	50	200	187	187
1	50	200	188	188
1	50	200	189	189
1	50	200	190	190
1	50	200	191	191
1	50	200	192	192
1	50	200	193	193
1	50	200	194	194
1	50	200	195	195
1	50	200	196	196
1	50	200	197	197
1	50	200	198	198
1	50	200	199	199
1	50	200	200	200
1	50	200	201	201
1	50	200	202	202
1	50	200	203	203
1	50	200	204	204
1	50	200	205	205
1	50	200	206	206
1	50	200	207	207
1	50	200	208	208
1	50	200	209	209
1	50	200	210	210
1	50	200	211	211
1	50	200	212	212
1	50	200	213	213
1	50	200	214	214
1	50	200	215	215
1	50	200	216	216
1	50	200	217	217
1	50	200	218	218
1	50	200	219	219
1	50	200	220	220
1	50	200	221	221
1	50	200	222	222
1	50	200	223	223
1	50	200	224	224
1	50	200	225	225
1	50	200	226	226
1	50	200	227	227
1	50	200	228	228
1	50	200	229	229
1	50	200	230	230
1	50	200	231	231
1	50	200	232	232
1	50	200	233	233
1	50	200	234	234
1	50	200	235	235
1	50	200	236	236
1	50	200	237	237
1	50	200	238	238
1	50	200	239	239
1	50	200	240	240
1	50	200	241	241
1	50	200	242	242
1	50	200	243	243
1	50	200	244	244
1	50	200	245	245
1	50	200	246	246
1	50	200	247	247
1	50	200	248	248
1	50	200	249	249
1	50	200	250	250
1	50	200	251	251
1	50	200	252	252
1	50	200	253	253
1	50	200	254	254
1	50	200	255	255
1	200	200	0	0
1	200	200	1	0
1	200	200	2	2
1	200	200	3	3
1	200	200	4	4
1	200	200	5	5
1	200	200	6	6
1	200	200	7	7
1	200	200	8	8
1	200	200	9	9
1	200	200	10	10
1	200	200	11	11
1	200	200	12	12
1	200	200	13	13
1	200	200	14	14
1	200	200	15	15
1	200	200	16	16
1	200	200	17	17
1	200	200	18	18
1	200	200	19	19
1	200	200	20	20
1	200	200	21	21
1	200	200	22	22
1	200	200	23	23
1	200	200	24	24
1	200	200	25	25
1	200	200	26	26
1	200	200	27	27
1	200	200	28	28
1	200	200	29	29
1	200	200	30	30
1	200	200	31	31
1	200	200	32	32
1	200	200	33	33
1	200	200	34	34
1	200	200	35	35
1	200	200	36	36
1	200	200	37	37
1	200	200	38	38
1	200	200	39	39
1	200	200	40	40
1	200	200	41	41
1	200	200	42	42
1	200	200	43	43
1	200	200	44	44
1	200	200	45	45
1	200	200	46	46
1	200	200	47	47
1	200	200	48	48
1	200	200	49	49
1	200	200	50	50
1	200	200	51	51
1	200	200	52	52
1	200	200	53	53
1	200	200	54	54
1	200	200	55	55
1	200	200	56	56
1	200	200	57	57
1	200	200	58	58
1	200	200	59	59
1	200	200	60	60
1	200	200	61	61
1	200	200	62	62
1	200	200	63	63
1	200	200	64	64
1	200	200	65	65
1	200	200	66	66
1	200	200	67	67
1	200	200	68	68
1	200	200	69	69
1	200	200	70	70
1	200	200	71	71
1	200	200	72	72
1	200	200	73	73
1	200	200	74	74
1	200	200	75	75
1	200	200	76	76
1	200	200	77	77
1	200	200	78	78
1	200	200	79	79
1	200	200	80	80
1	200	200	81	81
1	200	200	82	82
1	200	200	83	83
1	200	200	84	84
1	200	200	85	85
1	200	200	86	86
1	200	200	87	87
1	200	200	88	88
1	200	200	89	89
1	200	200	90	90
1	200	200	91	91
1	200	200	92	92
1	200	200	93	93
1	200	200	94	94
1	200	200	95	95
1	200	200	96	96
1	200	200	97	97
1	200	200	98	98
1	200	200	99	99
1	200	200	100	100
1	200	200	101	101
1	200	200	102	102
1	200	200	103	103
1	200	200	104	104
1	200	200	105	105
1	200	200	106	106
1	200	200	107	107
1	200	200	108	108
1	200	200	109	109
1	200	200	110	110
1	200	200	111	111
1	200	200	112	112
1	200	200	113	113
1	200	200	114	114
1	200	200	115	115
1	200	200	116	116
1	200	200	117	117
1	200	200	118	118
1	200	200	119	119
1	200	200	120	120
1	200	200	121	121
1	200	200	122	122
1	200	200	123	123
1	200	200	124	124
1	200	200	125	125
1	200	200	126	126
1	200	200	127	127
1	200	200	128	128
1	200	200	129	129
1	200	200	130	130
1	200	200	131	131
1	200	200	132	132
1	200	200	133	133
1	200	200	134	134
1	200	200	135	135
1	200	200	136	136
1	200	200	137	137
1	200	200	138	138
1	200	200	139	139
1	200	200	140	140
1	200	200	141	141
1	200	200	142	142
1	200	200	143	143
1	200	200	144	144
1	200	200	145	145
1	200	200	146	146
1	200	200	147	147
1	200	200	148	148
1	200	200	149	149
1	200	200	150	150
1	200	200	151	151
1	200	200	152	152
1	200	200	153	153
1	200	200	154	154
1	200	200	155	155
1	200	200	156	156
1	200	200	157	157
1	200	200	158	158
1	200	200	159	159
1	200	200	160	160
1	200	200	161	161
1	200	200	162	162
1	200	200	163	163
1	200	200	164	164
1	200	200	165	165
1	200	200	166	166
1	200	200	167	167
1	200	200	168	168
1	200	200	169	169
1	200	200	170	170
1	200	200	171	171
1	200	200	172	172
1	200	200	173	173
1	200	200	174	174
1	200	200	175	175
1	200	200	176	176
1	200	200	177	177
1	200	200	178	178
1	200	200	179	179
1	200	200	180	180
1	200	200	181	181
1	200	200	182	182
1	200	200	183	183
1	200	200	184	184
1	200	200	185	185
1	200	200	186	186
1	200	200	187	187
1	200	200	188	188
1	200	200	189	189
1	200	200	190	190
1	200	200	191	191
1	200	200	192	192
1	200	200	193	193
1	200	200	194	194
1	200	200	195	195
1	200	200	196	196
1	200	200	197	197
1	200	200	198	198
1	200	200	199	199
1	200	200	200	200
1	200	200	201	201
1	200	200	202	202
1	200	200	203	203
1	200	200	204	204
1	200	200	205	205
1	200	200	206	206
1	200	200	207	207
1	200	200	208	208
1	200	200	209	209
1	200	200	210	210
1	200	200	211	211
1	200	200	212	212
1	200	200	213	213
1	200	200	214	214
1	200	200	215	215
1	200	200	216	216
1	200	200	217	217
1	200	200	218	218
1	200	200	219	219
1	200	200	220	220
1	200	200	221	221
1	200	200	222	222
1	200	200	223	223
1	200	200	224	224
1	200	200	225	225
1	200	200	226	226
1	200	200	227	227
1	200	200	228	228
1	200	200	229	229
1	200	200	230	230
1	200	200	231	231
1	200	200	232	232
1	200	200	233	233
1	200	200	234	234
1	200	200	235	235
1	200	200	236	236
1	200	200	237	237
1	200	200	238	238
1	200	200	239	239
1	200	200	240	240
1	200	200	241	241
1	200	200	242	242
1	200	200	243	243
1	200	200	244	244
1	200	200	245	245
1	200	200	246	246
1	200	200	247	247
1	200	200	248	248
1	200	200	249	249
1	200	200	250	250
1	200	200	251	251
1	200	200	252	252
1	200	200	253	253
1	200	200	254	254
1	200	200	255	255
2	0	200	0	32
2	0	200	1	32
2	0	200	2	32
2	0	200	3	32
2	0	200	4	32
2	0	200	5	32
2	0	200	6	32
2	0	200	7	32
2	0	200	8	32
2	0	200	9	32
2	0	200	10	32
2	0	200	11	32
2	0	200	12	32
2	0	200	13	32
2	0	200	14	32
2	0	200	15	32
2	0	200	16	32
2	0	200	17	32
2	0	200	18	32
2	0	200	19	32
2	0	200	20	32
2	0	200	21	32
2	0	200	22	32
2	0	200	23	32
2	0	200	24	32
2	0	200	25	32
2	0	200	26	32
2	0	200	27	32
2	0	200	28	32
2	0	200	29	32
2	0	200	30	32
2	0	200	31	32
2	0	200	32	32
2	0	200	33	32
2	0	200	34	32
2	0	200	35	32
2	0	200	36	32
2	0	200	37	32
2	0	200	38	32
2	0	200	39	32
2	0	200	40	32
2	0	200	41	32
2	0	200	42	32
2	0	200	43	32
2	0	200	44	32
2	0	200	45	32
2	0	200	46	32
2	0	200	47	32
2	0	200	48	32
2	0	200	49	32
2	0	200	50	32
2	0	200	51	32
2	0	200	52	32
2	0	200	53	32
2	0	200	54	32
2	0	200	55	32
2	0	200	56	32
2	0	200	57	32
2	0	200	58	32
2	0	200	59	32
2	0	200	60	32
2	0	200	61	32
2	0	200	62	32
2	0	200	63	32
2	0	200	64	32
2	0	200	65	32
2	0	200	66	32
2	0	200	67	32
2	0	200	68	32
2	0	200	69	32
2	0	200	70	32
2	0	200	71	32
2	0	200	72	32
2	0	200	73	32
2	0	200	74	32
2	0	200	75	32
2	0	200	76	32
2	0	200	77	32
2	0	200	78	32
2	0	200	79	32
2	0	200	80	32
2	0	200	81	32
2	0	200	82	32
2	0	200	83	32
2	0	200	84	32
2	0	200	85	32
2	0	200	86	32
2	0	200	87	32
2	0	200	88	32
2	0	200	89	32
2	0	200	90	32
2	0	200	91	32
2	0	200	92	32
2	0	200	93	32
2	0	200	94	32
2	0	200	95	32
2	0	200	96	32
2	0	200	97	32
2	0	200	98	32
2	0	200	99	32
2	0	200	100	32
2	0	200	101	32
2	0	200	102	32
2	0	200	103	32
2	0	200	104	32
2	0	200	105	32
2	0	200	106	32
2	0	200	107	32
2	0	200	108	32
2	0	200	109	32
2	0	200	110	32
2	0	200	111	32
2	0	200	112	32
2	0	200	113	32
2	0	200	114	32
2	0	200	115	32
2	0	200	116	32
2	0	200	117	32
2	0	200	118	32
2	0	200	119	32
2	0	200	120	32
2	0	200	121	32
2	0	200	122	32
2	0	200	123	32
2	0	200	124	32
2	0	200	125	32
2	0	200	126	32
2	0	200	127	32
2	0	200	128	32
2	0	200	129	32
2	0	200	130	32
2	0	200	131	32
2	0	200	132	32
2	0	200	133	32
2	0	200	134	32
2	0	200	135	32
2	0	200	136	32
2	0	200	137	32
2	0	200	138	32
2	0	200	139	32
2	0	200	140	32
2	0	200	141	32
2	0	200	142	32
2	0	200	143	32
2	0	200	144	32
2	0	200	145	32
2	0	200	146	32
2	0	200	147	32
2	0	200	148	32
2	0	200	149	32
2	0	200	150	32
2	0	200	151	32
2	0	200	152	32
2	0	200	153	32
2	0	200	154	32
2	0	200	155	32
2	0	200	156	32
2	0	200	157	32
2	0	200	158	32
2	0	200	159	32
2	0	200	160	32
2	0	200	161	32
2	0	200	162	32
2	0	200	163	32
2	0	200	164	32
2	0	200	165	32
2	0	200	166	32
2	0	200	167	32
2	0	200	168	32
2	0	200	169	32
2	0	200	170	32
2	0	200	171	32
2	0	200	172	32
2	0	200	173	32
2	0	200	174	32
2	0	200	175	32
2	0	200	176	32
2	0	200	177	32
2	0	200	178	32
2	0	200	179	32
2	0	200	180	32
2	0	200	181	32
2	0	200	182	32
2	0	200	183	32
2	0	200	184	32
2	0	200	185	32
2	0	200	186	32
2	0	200	187	32
2	0	200	188	32
2	0	200	189	32
2	0	200	190	32
2	0	200	191	32
2	0	200	192	32
2	0	200	193	32
2	0	200	194	32
2	0	200	195	32
2	0	200	196	32
2	0	200	197	32
2	0	200	198	32
2	0	200	199	32
2	0	200	200	32
2	0	200	201	32
2	0	200	202	32
2	0	200	203	32
2	0	200	204	32
2	0	200	205	32
2	0	200	206	32
2	0	200	207	32
2	0	200	208	32
2	0	200	209	32
2	0	200	210	32
2	0	200	211	32
2	0	200	212	32
2	0	200	213	32
2	0	200	214	32
2	0	200	215	32
2	0	200	216	32
2	0	200	217	32
2	0	200	218	32
2	0	200	219	32
2	0	200	220	32
2	0	200	221	32
2	0	200	222	32
2	0	200	223	32
2	0	200	224	32
2	0	200	225	32
2	0	200	226	32
2	0	200	227	32
2	0	200	228	32
2	0	200	229	32
2	0	200	230	32
2	0	200	231	32
2	0	200	232	32
2	0	200	233	32
2	0	200	234	32
2	0	200	235	32
2	0	200	236	32
2	0	200	237	32
2	0	200	238	32
2	0	200	239	32
2	0	200	240	32
2	0	200	241	32
2	0	200	242	32
2	0	200	243	32
2	0	200	244	32
2	0	200	245	32
2	0	200	246	32
2	0	200	247	32
2	0	200	248	32
2	0	200	249	32
2	0	200	250	32
2	0	200	251	32
2	0	200	252	32
2	0	200	253	32
2	0	200	254	32
2	0	200	255	32
2	5	200	0	1
2	5	200	1	1
2	5	200	2	2
2	5	200	3	3
2	5	200	4	4
2	5	200	5	5
2	5	200	6	6
2	5	200	7	7
2	5	200	8	8
2	5	200	9	9
2	5	200	10	10
2	5	200	11	11
2	5	200	12	12
2	5	200	13	13
2	5	200	14	14
2	5	200	15	15
2	5	200	16	16
2	5	200	17	17
2	5	200	18	18
2	5	200	19	19
2	5	200	20	20
2	5	200	21	21
2	5	200	22	22
2	5	200	23	23
2	5	200	24	24
2	5	200	25	25
2	5	200	26	26
2	5	200	27	27
2	5	200	28	28
2	5	200	29	29
2	5	200	30	30
2	5	200	31	31
2	5	200	32	32
2	5	200	33	33
2	5	200	34	34
2	5	200	35	35
2	5	200	36	36
2	5	200	37	37
2	5	200	38	38
2	5	200	39	39
2	5	200	40	40
2	5	200	41	41
2	5	200	42	42
2	5	200	43	43
2	5	200	44	44
2	5	200	45	45
2	5	200	46	46
2	5	200	47	47
2	5	200	48	48
2	5	200	49	49
2	5	200	50	50
2	5	200	51	51
2	5	200	52	52
2	5	200	53	53
2	5	200	54	54
2	5	200	55	55
2	5	200	56	56
2	5	200	57	57
2	5	200	58	58
2	5	200	59	59
2	5	200	60	60
2	5	200	61	61
2	5	200	62	62
2	5	200	63	63
2	5	200	64	64
2	5	200	65	65
2	5	200	66	66
2	5	200	67	67
2	5	200	68	68
2	5	200	69	69
2	5	200	70	70
2	5	200	71	71
2	5	200	72	72
2	5	200	73	73
2	5	200	74	74
2	5	200	75	75
2	5	200	76	76
2	5	200	77	77
2	5	200	78	78
2	5	200	79	79
2	5	200	80	80
2	5	200	81	81
2	5	200	82	82
2	5	200	83	83
2	5	200	84	84
2	5	200	85	85
2	5	200	86	86
2	5	200	87	87
2	5	200	88	88
2	5	200	89	89
2	5	200	90	90
2	5	200	91	91
2	5	200	92	92
2	5	200	93	93
2	5	200	94	94
2	5	200	95	95
2	5	200	96	96
2	5	200	97	97
2	5	200	98	98
2	5	200	99	99
2	5	200	100	100
2	5	200	101	101
2	5	200	102	102
2	5	200	103	103
2	5	200	104	104
2	5	200	105	105
2	5	200	106	106
2	5	200	107	107
2	5	200	108	108
2	5	200	109	109
2	5	200	110	110
2	5	200	111	111
2	5	200	112	112
2	5	200	113	113
2	5	200	114	114
2	5	200	115	115
2	5	200	116	116
2	5	200	117	117
2	5	200	118	118
2	5	200	119	119
2	5	200	120	120
2	5	200	121	121
2	5	200	122	122
2	5	200	123	123
2	5	200	124	124
2	5	200	125	125
2	5	200	126	126
2	5	200	127	127
2	5	200	128	128
2	5	200	129	129
2	5	200	130	130
2	5	200	131	131
2	5	200	132	132
2	5	200	133	133
2	5	200	134	134
2	5	200	135	135
2	5	200	136	136
2	5	200	137	137
2	5	200	138	138
2	5	200	139	139
2	5	200	140	140
2	5	200	141	141
2	5	200	142	142
2	5	200	143	143
2	5	200	144	144
2	5	200	145	145
2	5	200	146	146
2	5	200	147	147
2	5	200	148	148
2	5	200	149	149
2	5	200	150	150
2	5	200	151	151
2	5	200	152	152
2	5	200	153	153
2	5	200	154	154
2	5	200	155	155
2	5	200	156	156
2	5	200	157	157
2	5	200	158	158
2	5	200	159	159
2	5	200	160	160
2	5	200	161	161
2	5	200	162	162
2	5	200	163	163
2	5	200	164	164
2	5	200	165	165
2	5	200	166	166
2	5	200	167	167
2	5	200	168	168
2	5	200	169	169
2	5	200	170	170
2	5	200	171	171
2	5	200	172	172
2	5	200	173	173
2	5	200	174	174
2	5	200	175	175
2	5	200	176	176
2	5	200	177	177
2	5	200	178	178
2	5	200	179	179
2	5	200	180	180
2	5	200	181	181
2	5	200	182	182
2	5	200	183	183
2	5	200	184	184
2	5	200	185	185
2	5	200	186	186
2	5	200	187	187
2	5	200	188	188
2	5	200	189	189
2	5	200	190	190
2	5	200	191	191
2	5	200	192	192
2	5	200	193	193
2	5	200	194	194
2	5	200	195	195
2	5	200	196	196
2	5	200	197	197
2	5	200	198	198
2	5	200	199	199
2	5	200	200	200
2	5	200	201	201
2	5	200	202	202
2	5	200	203	203
2	5	200	204	204
2	5	200	205	205
2	5	200	206	206
2	5	200	207	207
2	5	200	208	208
2	5	200	209	209
2	5	200	210	210
2	5	200	211	211
2	5	200	212	212
2	5	200	213	213
2	5	200	214	214
2	5	200	215	215
2	5	200	216	216
2	5	200	217	217
2	5	200	218	218
2	5	200	219	219
2	5	200	220	220
2	5	200	221	221
2	5	200	222	222
2	5	200	223	223
2	5	200	224	224
2	5	200	225	225
2	5	200	226	226
2	5	200	227	227
2	5	200	228	228
2	5	200	229	229
2	5	200	230	230
2	5	200	231	231
2	5	200	232	232
2	5	200	233	233
2	5	200	234	234
2	5	200	235	235
2	5	200	236	236
2	5	200	237	237
2	5	200	238	238
2	5	200	239	239
2	5	200	240	240
2	5	200	241	241
2	5	200	242	242
2	5	200	243	243
2	5	200	244	244
2	5	200	245	245
2	5	200	246	246
2	5	200	247	247
2	5	200	248	248
2	5	200	249	249
2	5	200	250	250
2	5	200	251	251
2	5	200	252	252
2	5	200	253	253
2	5	200	254	254
2	5	200	255	255
2	49	200	0	1
2	49	200	1	1
2	49	200	2	2
2	49	200	3	3
2	49	200	4	4
2	49	200	5	5
2	49	200	6	6
2	49	200	7	7
2	49	200	8	8
2	49	200	9	9
2	49	200	10	10
2	49	200	11	11
2	49	200	12	12
2	49	200	13	13
2	49	200	14	14
2	49	200	15	15
2	49	200	16	16
2	49	200	17	17
2	49	200	18	18
2	49	200	19	19
2	49	200	20	20
2	49	200	21	21
2	49	200	22	22
2	49	200	23	23
2	49	200	24	24
2	49	200	25	25
2	49	200	26	26
2	49	200	27	27
2	49	200	28	28
2	49	200	29	29
2	49	200	30	30
2	49	200	31	31
2	49	200	32	32
2	49	200	33	33
2	49	200	34	34
2	49	200	35	35
2	49	200	36	36
2	49	200	37	37
2	49	200	38	38
2	49	200	39	39
2	49	200	40	40
2	49	200	41	41
2	49	200	42	42
2	49	200	43	43
2	49	200	44	44
2	49	200	45	45
2	49	200	46	46
2	49	200	47	47
2	49	200	48	48
2	49	200	49	49
2	49	200	50	50
2	49	200	51	51
2	49	200	52	52
2	49	200	53	53
2	49	200	54	54
2	49	200	55	55
2	49	200	56	56
2	49	200	57	57
2	49	200	58	58
2	49	200	59	59
2	49	200	60	60
2	49	200	61	61
2	49	200	62	62
2	49	200	63	63
2	49	200	64	64
2	49	200	65	65
2	49	200	66	66
2	49	200	67	67
2	49	200	68	68
2	49	200	69	69
2	49	200	70	70
2	49	200	71	71
2	49	200	72	72
2	49	200	73	73
2	49	200	74	74
2	49	200	75	75
2	49	200	76	76
2	49	200	77	77
2	49	200	78	78
2	49	200	79	79
2	49	200	80	80
2	49	200	81	81
2	49	200	82	82
2	49	200	83	83
2	49	200	84	84
2	49	200	85	85
2	49	200	86	86
2	49	200	87	87
2	49	200	88	88
2	49	200	89	89
2	49	200	90	90
2	49	200	91	91
2	49	200	92	92
2	49	200	93	93
2	49	200	94	94
2	49	200	95	95
2	49	200	96	96
2	49	200	97	97
2	49	200	98	98
2	49	200	99	99
2	49	200	100	100
2	49	200	101	101
2	49	200	102	102
2	49	200	103	103
2	49	200	104	104
2	49	200	105	105
2	49	200	106	106
2	49	200	107	107
2	49	200	108	108
2	49	200	109	109
2	49	200	110	110
2	49	200	111	111
2	49	200	112	112
2	49	200	113	113
2	49	200	114	114
2	49	200	115	115
2	49	200	116	116
2	49	200	117	117
2	49	200	118	118
2	49	200	119	119
2	49	200	120	120
2	49	200	121	121
2	49	200	122	122
2	49	200	123	123
2	49	200	124	124
2	49	200	125	125
2	49	200	126	126
2	49	200	127	127
2	49	200	128	128
2	49	200	129	129
2	49	200	130	130
2	49	200	131	131
2	49	200	132	132
2	49	200	133	133
2	49	200	134	134
2	49	200	135	135
2	49	200	136	136
2	49	200	137	137
2	49	200	138	138
2	49	200	139	139
2	49	200	140	140
2	49	200	141	141
2	49	200	142	142
2	49	200	143	143
2	49	200	144	144
2	49	200	145	145
2	49	200	146	146
2	49	200	147	147
2	49	200	148	148
2	49	200	149	149
2	49	200	150	150
2	49	200	151	151
2	49	200	152	152
2	49	200	153	153
2	49	200	154	154
2	49	200	155	155
2	49	200	156	156
2	49	200	157	157
2	49	200	158	158
2	49	200	159	159
2	49	200	160	160
2	49	200	161	161
2	49	200	162	162
2	49	200	163	163
2	49	200	164	164
2	49	200	165	165
2	49	200	166	166
2	49	200	167	167
2	49	200	168	168
2	49	200	169	169
2	49	200	170	170
2	49	200	171	171
2	49	200	172	172
2	49	200	173	173
2	49	200	174	174
2	49	200	175	175
2	49	200	176	176
2	49	200	177	177
2	49	200	178	178
2	49	200	179	179
2	49	200	180	180
2	49	200	181	181
2	49	200	182	182
2	49	200	183	183
2	49	200	184	184
2	49	200	185	185
2	49	200	186	186
2	49	200	187	187
2	49	200	188	188
2	49	200	189	189
2	49	200	190	190
2	49	200	191	191
2	49	200	192	192
2	49	200	193	193
2	49	200	194	194
2	49	200	195	195
2	49	200	196	196
2	49	200	197	197
2	49	200	198	198
2	49	200	199	199
2	49	200	200	200
2	49	200	201	201
2	49	200	202	202
2	49	200	203	203
2	49	200	204	204
2	49	200	205	205
2	49	200	206	206
2	49	200	207	207
2	49	200	208	208
2	49	200	209	209
2	49	200	210	210
2	49	200	211	211
2	49	200	212	212
2	49	200	213	213
2	49	200	214	214
2	49	200	215	215
2	49	200	216	216
2	49	200	217	217
2	49	200	218	218
2	49	200	219	219
2	49	200	220	220
2	49	200	221	221
2	49	200	222	222
2	49	200	223	223
2	49	200	224	224
2	49	200	225	225
2	49	200	226	226
2	49	200	227	227
2	49	200	228	228
2	49	200	229	229
2	49	200	230	230
2	49	200	231	231
2	49	200	232	232
2	49	200	233	233
2	49	200	234	234
2	49	200	235	235
2	49	200	236	236
2	49	200	237	237
2	49	200	238	238
2	49	200	239	239
2	49	200	240	240
2	49	200	241	241
2	49	200	242	242
2	49	200	243	243
2	49	200	244	244
2	49	200	245	245
2	49	200	246	246
2	49	200	247	247
2	49	200	248	248
2	49	200	249	249
2	49	200	250	250
2	49	200	251	251
2	49	200	252	252
2	49	200	253	253
2	49	200	254	254
2	49	200	255	255
2	50	200	0	0
2	50	200	1	0
2	50	200	2	2
2	50	200	3	3
2	50	200	4	4
2	50	200	5	5
2	50	200	6	6
2	50	200	7	7
2	50	200	8	8
2	50	200	9	9
2	50	200	10	10
2	50	200	11	11
2	50	200	12	12
2	50	200	13	13
2	50	200	14	14
2	50	200	15	15
2	50	200	16	16
2	50	200	17	17
2	50	200	18	18
2	50	200	19	19
2	50	200	20	20
2	50	200	21	21
2	50	200	22	22
2	50	200	23	23
2	50	200	24	24
2	50	200	25	25
2	50	200	26	26
2	50	200	27	27
2	50	200	28	28
2	50	200	29	29
2	50	200	30	30
2	50	200	31	31
2	50	200	32	32
2	50	200	33	33
2	50	200	34	34
2	50	200	35	35
2	50	200	36	36
2	50	200	37	37
2	50	200	38	38
2	50	200	39	39
2	50	200	40	40
2	50	200	41	41
2	50	200	42	42
2	50	200	43	43
2	50	200	44	44
2	50	200	45	45
2	50	200	46	46
2	50	200	47	47
2	50	200	48	48
2	50	200	49	49
2	50	200	50	50
2	50	200	51	51
2	50	200	52	52
2	50	200	53	53
2	50	200	54	54
2	50	200	55	55
2	50	200	56	56
2	50	200	57	57
2	50	200	58	58
2	50	200	59	59
2	50	200	60	60
2	50	200	61	61
2	50	200	62	62
2	50	200	63	63
2	50	200	64	64
2	50	200	65	65
2	50	200	66	66
2	50	200	67	67
2	50	200	68	68
2	50	200	69	69
2	50	200	70	70
2	50	200	71	71
2	50	200	72	72
2	50	200	73	73
2	50	200	74	74
2	50	200	75	75
2	50	200	76	76
2	50	200	77	77
2	50	200	78	78
2	50	200	79	79
2	50	200	80	80
2	50	200	81	81
2	50	200	82	82
2	50	200	83	83
2	50	200	84	84
2	50	200	85	85
2	50	200	86	86
2	50	200	87	87
2	50	200	88	88
2	50	200	89	89
2	50	200	90	90
2	50	200	91	91
2	50	200	92	92
2	50	200	93	93
2	50	200	94	94
2	50	200	95	95
2	50	200	96	96
2	50	200	97	97
2	50	200	98	98
2	50	200	99	99
2	50	200	100	100
2	50	200	101	101
2	50	200	102	102
2	50	200	103	103
2	50	200	104	104
2	50	200	105	105
2	50	200	106	106
2	50	200	107	107
2	50	200	108	108
2	50	200	109	109
2	50	200	110	110
2	50	200	111	111
2	50	200	112	112
2	50	200	113	113
2	50	200	114	114
2	50	200	115	115
2	50	200	116	116
2	50	200	117	117
2	50	200	118	118
2	50	200	119	119
2	50	200	120	120
2	50	200	121	121
2	50	200	122	122
2	50	200	123	123
2	50	200	124	124
2	50	200	125	125
2	50	200	126	126
2	50	200	127	127
2	50	200	128	128
2	50	200	129	129
2	50	200	130	130
2	50	200	131	131
2	50	200	132	132
2	50	200	133	133
2	50	200	134	134
2	50	200	135	135
2	50	200	136	136
2	50	200	137	137
2	50	200	138	138
2	50	200	139	139
2	50	200	140	140
2	50	200	141	141
2	50	200	142	142
2	50	200	143	143
2	50	200	144	144
2	50	200	145	145
2	50	200	146	146
2	50	200	147	147
2	50	200	148	148
2	50	200	149	149
2	50	200	150	150
2	50	200	151	151
2	50	200	152	152
2	50	200	153	153
2	50	200	154	154
2	50	200	155	155
2	50	200	156	156
2	50	200	157	157
2	50	200	158	158
2	50	200	159	159
2	50	200	160	160
2	50	200	161	161
2	50	200	162	162
2	50	200	163	163
2	50	200	164	164
2	50	200	165	165
2	50	200	166	166
2	50	200	167	167
2	50	200	168	168
2	50	200	169	169
2	50	200	170	170
2	50	200	171	171
2	50	200	172	172
2	50	200	173	173
2	50	200	174	174
2	50	200	175	175
2	50	200	176	176
2	50	200	177	177
2	50	200	178	178
2	50	200	179	179
2	50	200	180	180
2	50	200	181	181
2	50	200	182	182
2	50	200	183	183
2	50	200	184	184
2	50	200	185	185
2	50	200	186	186
2	50	200	187	187
2	50	200	188	188
2	50	200	189	189
2	50	200	190	190
2	50	200	191	191
2	50	200	192	192
2	50	200	193	193
2	50	200	194	194
2	50	200	195	195
2	50	200	196	196
2	50	200	197	197
2	50	200	198	198
2	50	200	199	199
2	50	200	200	200
2	50	200	201	201
2	50	200	202	202
2	50	200	203	203
2	50	200	204	204
2	50	200	205	205
2	50	200	206	206
2	50	200	207	207
2	50	200	208	208
2	50	200	209	209
2	50	200	210	210
2	50	200	211	211
2	50	200	212	212
2	50	200	213	213
2	50	200	214	214
2	50	200	215	215
2	50	200	216	216
2	50	200	217	217
2	50	200	218	218
2	50	200	219	219
2	50	200	220	220
2	50	200	221	221
2	50	200	222	222
2	50	200	223	223
2	50	200	224	224
2	50	200	225	225
2	50	200	226	226
2	50	200	227	227
2	50	200	228	228
2	50	200	229	229
2	50	200	230	230
2	50	200	231	231
2	50	200	232	232
2	50	200	233	233
2	50	200	234	234
2	50	200	235	235
2	50	200	236	236
2	50	200	237	237
2	50	200	238	238
2	50	200	239	239
2	50	200	240	240
2	50	200	241	241
2	50	200	242	242
2	50	200	243	243
2	50	200	244	244
2	50	200	245	245
2	50	200	246	246
2	50	200	247	247
2	50	200	248	248
2	50	200	249	249
2	50	200	250	250
2	50	200	251	251
2	50	200	252	252
2	50	200	253	253
2	50	200	254	254
2	50	200	255	255
2	200	200	0	0
2	200	200	1	0
2	200	200	2	2
2	200	200	3	3
2	200	200	4	4
2	200	200	5	5
2	200	200	6	6
2	200	200	7	7
2	200	200	8	8
2	200	200	9	9
2	200	200	10	10
2	200	200	11	11
2	200	200	12	12
2	200	200	13	13
2	200	200	14	14
2	200	200	15	15
2	200	200	16	16
2	200	200	17	17
2	200	200	18	18
2	200	200	19	19
2	200	200	20	20
2	200	200	21	21
2	200	200	22	22
2	200	200	23	23
2	200	200	24	24
2	200	200	25	25
2	200	200	26	26
2	200	200	27	27
2	200	200	28	28
2	200	200	29	29
2	200	200	30	30
2	200	200	31	31
2	200	200	32	32
2	200	200	33	33
2	200	200	34	34
2	200	200	35	35
2	200	200	36	36
2	200	200	37	37
2	200	200	38	38
2	200	200	39	39
2	200	200	40	40
2	200	200	41	41
2	200	200	42	42
2	200	200	43	43
2	200	200	44	44
2	200	200	45	45
2	200	200	46	46
2	200	200	47	47
2	200	200	48	48
2	200	200	49	49
2	200	200	50	50
2	200	200	51	51
2	200	200	52	52
2	200	200	53	53
2	200	200	54	54
2	200	200	55	55
2	200	200	56	56
2	200	200	57	57
2	200	200	58	58
2	200	200	59	59
2	200	200	60	60
2	200	200	61	61
2	200	200	62	62
2	200	200	63	63
2	200	200	64	64
2	200	200	65	65
2	200	200	66	66
2	200	200	67	67
2	200	200	68	68
2	200	200	69	69
2	200	200	70	70
2	200	200	71	71
2	200	200	72	72
2	200	200	73	73
2	200	200	74	74
2	200	200	75	75
2	200	200	76	76
2	200	200	77	77
2	200	200	78	78
2	200	200	79	79
2	200	200	80	80
2	200	200	81	81
2	200	200	82	82
2	200	200	83	83
2	200	200	84	84
2	200	200	85	85
2	200	200	86	86
2	200	200	87	87
2	200	200	88	88
2	200	200	89	89
2	200	200	90	90
2	200	200	91	91
2	200	200	92	92
2	200	200	93	93
2	200	200	94	94
2	200	200	95	95
2	200	200	96	96
2	200	200	97	97
2	200	200	98	98
2	200	200	99	99
2	200	200	100	100
2	200	200	101	101
2	200	200	102	102
2	200	200	103	103
2	200	200	104	104
2	200	200	105	105
2	200	200	106	106
2	200	200	107	107
2	200	200	108	108
2	200	200	109	109
2	200	200	110	110
2	200	200	111	111
2	200	200	112	112
2	200	200	113	113
2	200	200	114	114
2	200	200	115	115
2	200	200	116	116
2	200	200	117	117
2	200	200	118	118
2	200	200	119	119
2	200	200	120	120
2	200	200	121	121
2	200	200	122	122
2	200	200	123	123
2	200	200	124	124
2	200	200	125	125
2	200	200	126	126
2	200	200	127	127
2	200	200	128	128
2	200	200	129	129
2	200	200	130	130
2	200	200	131	131
2	200	200	132	132
2	200	200	133	133
2	200	200	134	134
2	200	200	135	135
2	200	200	136	136
2	200	200	137	137
2	200	200	138	138
2	200	200	139	139
2	200	200	140	140
2	200	200	141	141
2	200	200	142	142
2	200	200	143	143
2	200	200	144	144
2	200	200	145	145
2	200	200	146	146
2	200	200	147	147
2	200	200	148	148
2	200	200	149	149
2	200	200	150	150
2	200	200	151	151
2	200	200	152	152
2	200	200	153	153
2	200	200	154	154
2	200	200	155	155
2	200	200	156	156
2	200	200	157	157
2	200	200	158	158
2	200	200	159	159
2	200	200	160	160
2	200	200	161	161
2	200	200	162	162
2	200	200	163	163
2	200	200	164	164
2	200	200	165	165
2	200	200	166	166
2	200	200	167	167
2	200	200	168	168
2	200	200	169	169
2	200	200	170	170
2	200	200	171	171
2	200	200	172	172
2	200	200	173	173
2	200	200	174	174
2	200	200	175	175
2	200	200	176	176
2	200	200	177	177
2	200	200	178	178
2	200	200	179	179
2	200	200	180	180
2	200	200	181	181
2	200	200	182	182
2	200	200	183	183
2	200	200	184	184
2	200	200	185	185
2	200	200	186	186
2	200	200	187	187
2	200	200	188	188
2	200	200	189	189
2	200	200	190	190
2	200	200	191	191
2	200	200	192	192
2	200	200	193	193
2	200	200	194	194
2	200	200	195	195
2	200	200	196	196
2	200	200	197	197
2	200	200	198	198
2	200	200	199	199
2	200	200	200	200
2	200	200	201	201
2	200	200	202	202
2	200	200	203	203
2	200	200	204	204
2	200	200	205	205
2	200	200	206	206
2	200	200	207	207
2	200	200	208	208
2	200	200	209	209
2	200	200	210	210
2	200	200	211	211
2	200	200	212	212
2	200	200	213	213
2	200	200	214	214
2	200	200	215	215
2	200	200	216	216
2	200	200	217	217
2	200	200	218	218
2	200	200	219	219
2	200	200	220	220
2	200	200	221	221
2	200	200	222	222
2	200	200	223	223
2	200	200	224	224
2	200	200	225	225
2	200	200	226	226
2	200	200	227	227
2	200	200	228	228
2	200	200	229	229
2	200	200	230	230
2	200	200	231	231
2	200	200	232	232
2	200	200	233	233
2	200	200	234	234
2	200	200	235	235
2	200	200	236	236
2	200	200	237	237
2	200	200	238	238
2	200	200	239	239
2	200	200	240	240
2	200	200	241	241
2	200	200	242	242
2	200	200	243	243
2	200	200	244	244
2	200	200	245	245
2	200	200	246	246
2	200	200	247	247
2	200	200	248	248
2	200	200	249	249
2	200	200	250	250
2	200	200	251	251
2	200	200	252	252
2	200	200	253	253
2	200	200	254	254
2	200	200	255	255
3	0	200	0	32
3	0	200	1	32
3	0	200	2	32
3	0	200	3	32
3	0	200	4	32
3	0	200	5	32
3	0	200	6	32
3	0	200	7	32
3	0	200	8	32
3	0	200	9	32
3	0	200	10	32
3	0	200	11	32
3	0	200	12	32
3	0	200	13	32
3	0	200	14	32
3	0	200	15	32
3	0	200	16	32
3	0	200	17	32
3	0	200	18	32
3	0	200	19	32
3	0	200	20	32
3	0	200	21	32
3	0	200	22	32
3	0	200	23	32
3	0	200	24	32
3	0	200	25	32
3	0	200	26	32
3	0	200	27	32
3	0	200	28	32
3	0	200	29	32
3	0	200	30	32
3	0	200	31	32
3	0	200	32	32
3	0	200	33	32
3	0	200	34	32
3	0	200	35	32
3	0	200	36	32
3	0	200	37	32
3	0	200	38	32
3	0	200	39	32
3	0	200	40	32
3	0	200	41	32
3	0	200	42	32
3	0	200	43	32
3	0	200	44	32
3	0	200	45	32
3	0	200	46	32
3	0	200	47	32
3	0	200	48	32
3	0	200	49	32
3	0	200	50	32
3	0	200	51	32
3	0	200	52	32
3	0	200	53	32
3	0	200	54	32
3	0	200	55	32
3	0	200	56	32
3	0	200	57	32
3	0	200	58	32
3	0	200	59	32
3	0	200	60	32
3	0	200	61	32
3	0	200	62	32
3	0	200	63	32
3	0	200	64	32
3	0	200	65	32
3	0	200	66	32
3	0	200	67	32
3	0	200	68	32
3	0	200	69	32
3	0	200	70	32
3	0	200	71	32
3	0	200	72	32
3	0	200	73	32
3	0	200	74	32
3	0	200	75	32
3	0	200	76	32
3	0	200	77	32
3	0	200	78	32
3	0	200	79	32
3	0	200	80	32
3	0	200	81	32
3	0	200	82	32
3	0	200	83	32
3	0	200	84	32
3	0	200	85	32
3	0	200	86	32
3	0	200	87	32
3	0	200	88	32
3	0	200	89	32
3	0	200	90	32
3	0	200	91	32
3	0	200	92	32
3	0	200	93	32
3	0	200	94	32
3	0	200	95	32
3	0	200	96	32
3	0	200	97	32
3	0	200	98	32
3	0	200	99	32
3	0	200	100	32
3	0	200	101	32
3	0	200	102	32
3	0	200	103	32
3	0	200	104	32
3	0	200	105	32
3	0	200	106	32
3	0	200	107	32
3	0	200	108	32
3	0	200	109	32
3	0	200	110	32
3	0	200	111	32
3	0	200	112	32
3	0	200	113	32
3	0	200	114	32
3	0	200	115	32
3	0	200	116	32
3	0	200	117	32
3	0	200	118	32
3	0	200	119	32
3	0	200	120	32
3	0	200	121	32
3	0	200	122	32
3	0	200	123	32
3	0	200	124	32
3	0	200	125	32
3	0	200	126	32
3	0	200	127	32
3	0	200	128	32
3	0	200	129	32
3	0	200	130	32
3	0	200	131	32
3	0	200	132	32
3	0	200	133	32
3	0	200	134	32
3	0	200	135	32
3	0	200	136	32
3	0	200	137	32
3	0	200	138	32
3	0	200	139	32
3	0	200	140	32
3	0	200	141	32
3	0	200	142	32
3	0	200	143	32
3	0	200	144	32
3	0	200	145	32
3	0	200	146	32
3	0	200	147	32
3	0	200	148	32
3	0	200	149	32
3	0	200	150	32
3	0	200	151	32
3	0	200	152	32
3	0	200	153	32
3	0	200	154	32
3	0	200	155	32
3	0	200	156	32
3	0	200	157	32
3	0	200	158	32
3	0	200	159	32
3	0	200	160	32
3	0	200	161	32
3	0	200	162	32
3	0	200	163	32
3	0	200	164	32
3	0	200	165	32
3	0	200	166	32
3	0	200	167	32
3	0	200	168	32
3	0	200	169	32
3	0	200	170	32
3	0	200	171	32
3	0	200	172	32
3	0	200	173	32
3	0	200	174	32
3	0	200	175	32
3	0	200	176	32
3	0	200	177	32
3	0	200	178	32
3	0	200	179	32
3	0	200	180	32
3	0	200	181	32
3	0	200	182	32
3	0	200	183	32
3	0	200	184	32
3	0	200	185	32
3	0	200	186	32
3	0	200	187	32
3	0	200	188	32
3	0	200	189	32
3	0	200	190	32
3	0	200	191	32
3	0	200	192	32
3	0	200	193	32
3	0	200	194	32
3	0	200	195	32
3	0	200	196	32
3	0	200	197	32
3	0	200	198	32
3	0	200	199	32
3	0	200	200	32
3	0	200	201	32
3	0	200	202	32
3	0	200	203	32
3	0	200	204	32
3	0	200	205	32
3	0	200	206	32
3	0	200	207	32
3	0	200	208	32
3	0	200	209	32
3	0	200	210	32
3	0	200	211	32
3	0	200	212	32
3	0	200	213	32
3	0	200	214	32
3	0	200	215	32
3	0	200	216	32
3	0	200	217	32
3	0	200	218	32
3	0	200	219	32
3	0	200	220	32
3	0	200	221	32
3	0	200	222	32
3	0	200	223	32
3	0	200	224	32
3	0	200	225	32
3	0	200	226	32
3	0	200	227	32
3	0	200	228	32
3	0	200	229	32
3	0	200	230	32
3	0	200	231	32
3	0	200	232	32
3	0	200	233	32
3	0	200	234	32
3	0	200	235	32
3	0	200	236	32
3	0	200	237	32
3	0	200	238	32
3	0	200	239	32
3	0	200	240	32
3	0	200	241	32
3	0	200	242	32
3	0	200	243	32
3	0	200	244	32
3	0	200	245	32
3	0	200	246	32
3	0	200	247	32
3	0	200	248	32
3	0	200	249	32
3	0	200	250	32
3	0	200	251	32
3	0	200	252	32
3	0	200	253	32
3	0	200	254	32
3	0	200	255	32
3	5	200	0	1
3	5	200	1	1
3	5	200	2	2
3	5	200	3	3
3	5	200	4	4
3	5	200	5	5
3	5	200	6	6
3	5	200	7	7
3	5	200	8	8
3	5	200	9	9
3	5	200	10	10
3	5	200	11	11
3	5	200	12	12
3	5	200	13	13
3	5	200	14	14
3	5	200	15	15
3	5	200	16	16
3	5	200	17	17
3	5	200	18	18
3	5	200	19	19
3	5	200	20	20
3	5	200	21	21
3	5	200	22	22
3	5	200	23	23
3	5	200	24	24
3	5	200	25	25
3	5	200	26	26
3	5	200	27	27
3	5	200	28	28
3	5	200	29	29
3	5	200	30	30
3	5	200	31	31
3	5	200	32	32
3	5	200	33	33
3	5	200	34	34
3	5	200	35	35
3	5	200	36	36
3	5	200	37	37
3	5	200	38	38
3	5	200	39	39
3	5	200	40	40
3	5	200	41	41
3	5	200	42	42
3	5	200	43	43
3	5	200	44	44
3	5	200	45	45
3	5	200	46	46
3	5	200	47	47
3	5	200	48	48
3	5	200	49	49
3	5	200	50	50
3	5	200	51	51
3	5	200	52	52
3	5	200	53	53
3	5	200	54	54
3	5	200	55	55
3	5	200	56	56
3	5	200	57	57
3	5	200	58	58
3	5	200	59	59
3	5	200	60	60
3	5	200	61	61
3	5	200	62	62
3	5	200	63	63
3	5	200	64	64
3	5	200	65	65
3	5	200	66	66
3	5	200	67	67
3	5	200	68	68
3	5	200	69	69
3	5	200	70	70
3	5	200	71	71
3	5	200	72	72
3	5	200	73	73
3	5	200	74	74
3	5	200	75	75
3	5	200	76	76
3	5	200	77	77
3	5	200	78	78
3	5	200	79	79
3	5	200	80	80
3	5	200	81	81
3	5	200	82	82
3	5	200	83	83
3	5	200	84	84
3	5	200	85	85
3	5	200	86	86
3	5	200	87	87
3	5	200	88	88
3	5	200	89	89
3	5	200	90	90
3	5	200	91	91
3	5	200	92	92
3	5	200	93	93
3	5	200	94	94
3	5	200	95	95
3	5	200	96	96
3	5	200	97	97
3	5	200	98	98
3	5	200	99	99
3	5	200	100	100
3	5	200	101	101
3	5	200	102	102
3	5	200	103	103
3	5	200	104	104
3	5	200	105	105
3	5	200	106	106
3	5	200	107	107
3	5	200	108	108
3	5	200	109	109
3	5	200	110	110
3	5	200	111	111
3	5	200	112	112
3	5	200	113	113
3	5	200	114	114
3	5	200	115	115
3	5	200	116	116
3	5	200	117	117
3	5	200	118	118
3	5	200	119	119
3	5	200	120	120
3	5	200	121	121
3	5	200	122	122
3	5	200	123	123
3	5	200	124	124
3	5	200	125	125
3	5	200	126	126
3	5	200	127	127
3	5	200	128	128
3	5	200	129	129
3	5	200	130	130
3	5	200	131	131
3	5	200	132	132
3	5	200	133	133
3	5	200	134	134
3	5	200	135	135
3	5	200	136	136
3	5	200	137	137
3	5	200	138	138
3	5	200	139	139
3	5	200	140	140
3	5	200	141	141
3	5	200	142	142
3	5	200	143	143
3	5	200	144	144
3	5	200	145	145
3	5	200	146	146
3	5	200	147	147
3	5	200	148	148
3	5	200	149	149
3	5	200	150	150
3	5	200	151	151
3	5	200	152	152
3	5	200	153	153
3	5	200	154	154
3	5	200	155	155
3	5	200	156	156
3	5	200	157	157
3	5	200	158	158
3	5	200	159	159
3	5	200	160	160
3	5	200	161	161
3	5	200	162	162
3	5	200	163	163
3	5	200	164	164
3	5	200	165	165
3	5	200	166	166
3	5	200	167	167
3	5	200	168	168
3	5	200	169	169
3	5	200	170	170
3	5	200	171	171
3	5	200	172	172
3	5	200	173	173
3	5	200	174	174
3	5	200	175	175
3	5	200	176	176
3	5	200	177	177
3	5	200	178	178
3	5	200	179	179
3	5	200	180	180
3	5	200	181	181
3	5	200	182	182
3	5	200	183	183
3	5	200	184	184
3	5	200	185	185
3	5	200	186	186
3	5	200	187	187
3	5	200	188	188
3	5	200	189	189
3	5	200	190	190
3	5	200	191	191
3	5	200	192	192
3	5	200	193	193
3	5	200	194	194
3	5	200	195	195
3	5	200	196	196
3	5	200	197	197
3	5	200	198	198
3	5	200	199	199
3	5	200	200	200
3	5	200	201	201
3	5	200	202	202
3	5	200	203	203
3	5	200	204	204
3	5	200	205	205
3	5	200	206	206
3	5	200	207	207
3	5	200	208	208
3	5	200	209	209
3	5	200	210	210
3	5	200	211	211
3	5	200	212	212
3	5	200	213	213
3	5	200	214	214
3	5	200	215	215
3	5	200	216	216
3	5	200	217	217
3	5	200	218	218
3	5	200	219	219
3	5	200	220	220
3	5	200	221	221
3	5	200	222	222
3	5	200	223	223
3	5	200	224	224
3	5	200	225	225
3	5	200	226	226
3	5	200	227	227
3	5	200	228	228
3	5	200	229	229
3	5	200	230	230
3	5	200	231	231
3	5	200	232	232
3	5	200	233	233
3	5	200	234	234
3	5	200	235	235
3	5	200	236	236
3	5	200	237	237
3	5	200	238	238
3	5	200	239	239
3	5	200	240	240
3	5	200	241	241
3	5	200	242	242
3	5	200	243	243
3	5	200	244	244
3	5	200	245	245
3	5	200	246	246
3	5	200	247	247
3	5	200	248	248
3	5	200	249	249
3	5	200	250	250
3	5	200	251	251
3	5	200	252	252
3	5	200	253	253
3	5	200	254	254
3	5	200	255	255
3	49	200	0	1
3	49	200	1	1
3	49	200	2	2
3	49	200	3	3
3	49	200	4	4
3	49	200	5	5
3	49	200	6	6
3	49	200	7	7
3	49	200	8	8
3	49	200	9	9
3	49	200	10	10
3	49	200	11	11
3	49	200	12	12
3	49	200	13	13
3	49	200	14	14
3	49	200	15	15
3	49	200	16	16
3	49	200	17	17
3	49	200	18	18
3	49	200	19	19
3	49	200	20	20
3	49	200	21	21
3	49	200	22	22
3	49	200	23	23
3	49	200	24	24
3	49	200	25	25
3	49	200	26	26
3	49	200	27	27
3	49	200	28	28
3	49	200	29	29
3	49	200	30	30
3	49	200	31	31
3	49	200	32	32
3	49	200	33	33
3	49	200	34	34
3	49	200	35	35
3	49	200	36	36
3	49	200	37	37
3	49	200	38	38
3	49	200	39	39
3	49	200	40	40
3	49	200	41	41
3	49	200	42	42
3	49	200	43	43
3	49	200	44	44
3	49	200	45	45
3	49	200	46	46
3	49	200	47	47
3	49	200	48	48
3	49	200	49	49
3	49	200	50	50
3	49	200	51	51
3	49	200	52	52
3	49	200	53	53
3	49	200	54	54
3	49	200	55	55
3	49	200	56	56
3	49	200	57	57
3	49	200	58	58
3	49	200	59	59
3	49	200	60	60
3	49	200	61	61
3	49	200	62	62
3	49	200	63	63
3	49	200	64	64
3	49	200	65	65
3	49	200	66	66
3	49	200	67	67
3	49	200	68	68
3	49	200	69	69
3	49	200	70	70
3	49	200	71	71
3	49	200	72	72
3	49	200	73	73
3	49	200	74	74
3	49	200	75	75
3	49	200	76	76
3	49	200	77	77
3	49	200	78	78
3	49	200	79	79
3	49	200	80	80
3	49	200	81	81
3	49	200	82	82
3	49	200	83	83
3	49	200	84	84
3	49	200	85	85
3	49	200	86	86
3	49	200	87	87
3	49	200	88	88
3	49	200	89	89
3	49	200	90	90
3	49	200	91	91
3	49	200	92	92
3	49	200	93	93
3	49	200	94	94
3	49	200	95	95
3	49	200	96	96
3	49	200	97	97
3	49	200	98	98
3	49	200	99	99
3	49	200	100	100
3	49	200	101	101
3	49	200	102	102
3	49	200	103	103
3	49	200	104	104
3	49	200	105	105
3	49	200	106	106
3	49	200	107	107
3	49	200	108	108
3	49	200	109	109
3	49	200	110	110
3	49	200	111	111
3	49	200	112	112
3	49	200	113	113
3	49	200	114	114
3	49	200	115	115
3	49	200	116	116
3	49	200	117	117
3	49	200	118	118
3	49	200	119	119
3	49	200	120	120
3	49	200	121	121
3	49	200	122	122
3	49	200	123	123
3	49	200	124	124
3	49	200	125	125
3	49	200	126	126
3	49	200	127	127
3	49	200	128	128
3	49	200	129	129
3	49	200	130	130
3	49	200	131	131
3	49	200	132	132
3	49	200	133	133
3	49	200	134	134
3	49	200	135	135
3	49	200	136	136
3	49	200	137	137
3	49	200	138	138
3	49	200	139	139
3	49	200	140	140
3	49	200	141	141
3	49	200	142	142
3	49	200	143	143
3	49	200	144	144
3	49	200	145	145
3	49	200	146	146
3	49	200	147	147
3	49	200	148	148
3	49	200	149	149
3	49	200	150	150
3	49	200	151	151
3	49	200	152	152
3	49	200	153	153
3	49	200	154	154
3	49	200	155	155
3	49	200	156	156
3	49	200	157	157
3	49	200	158	158
3	49	200	159	159
3	49	200	160	160
3	49	200	161	161
3	49	200	162	162
3	49	200	163	163
3	49	200	164	164
3	49	200	165	165
3	49	200	166	166
3	49	200	167	167
3	49	200	168	168
3	49	200	169	169
3	49	200	170	170
3	49	200	171	171
3	49	200	172	172
3	49	200	173	173
3	49	200	174	174
3	49	200	175	175
3	49	200	176	176
3	49	200	177	177
3	49	200	178	178
3	49	200	179	179
3	49	200	180	180
3	49	200	181	181
3	49	200	182	182
3	49	200	183	183
3	49	200	184	184
3	49	200	185	185
3	49	200	186	186
3	49	200	187	187
3	49	200	188	188
3	49	200	189	189
3	49	200	190	190
3	49	200	191	191
3	49	200	192	192
3	49	200	193	193
3	49	200	194	194
3	49	200	195	195
3	49	200	196	196
3	49	200	197	197
3	49	200	198	198
3	49	200	199	199
3	49	200	200	200
3	49	200	201	201
3	49	200	202	202
3	49	200	203	203
3	49	200	204	204
3	49	200	205	205
3	49	200	206	206
3	49	200	207	207
3	49	200	208	208
3	49	200	209	209
3	49	200	210	210
3	49	200	211	211
3	49	200	212	212
3	49	200	213	213
3	49	200	214	214
3	49	200	215	215
3	49	200	216	216
3	49	200	217	217
3	49	200	218	218
3	49	200	219	219
3	49	200	220	220
3	49	200	221	221
3	49	200	222	222
3	49	200	223	223
3	49	200	224	224
3	49	200	225	225
3	49	200	226	226
3	49	200	227	227
3	49	200	228	228
3	49	200	229	229
3	49	200	230	230
3	49	200	231	231
3	49	200	232	232
3	49	200	233	233
3	49	200	234	234
3	49	200	235	235
3	49	200	236	236
3	49	200	237	237
3	49	200	238	238
3	49	200	239	239
3	49	200	240	240
3	49	200	241	241
3	49	200	242	242
3	49	200	243	243
3	49	200	244	244
3	49	200	245	245
3	49	200	246	246
3	49	200	247	247
3	49	200	248	248
3	49	200	249	249
3	49	200	250	250
3	49	200	251	251
3	49	200	252	252
3	49	200	253	253
3	49	200	254	254
3	49	200	255	255
3	50	200	0	0
3	50	200	1	0
3	50	200	2	2
3	50	200	3	3
3	50	200	4	4
3	50	200	5	5
3	50	200	6	6
3	50	200	7	7
3	50	200	8	8
3	50	200	9	9
3	50	200	10	10
3	50	200	11	11
3	50	200	12	12
3	50	200	13	13
3	50	200	14	14
3	50	200	15	15
3	50	200	16	16
3	50	200	17	17
3	50	200	18	18
3	50	200	19	19
3	50	200	20	20
3	50	200	21	21
3	50	200	22	22
3	50	200	23	23
3	50	200	24	24
3	50	200	25	25
3	50	200	26	26
3	50	200	27	27
3	50	200	28	28
3	50	200	29	29
3	50	200	30	30
3	50	200	31	31
3	50	200	32	32
3	50	200	33	33
3	50	200	34	34
3	50	200	35	35
3	50	200	36	36
3	50	200	37	37
3	50	200	38	38
3	50	200	39	39
3	50	200	40	40
3	50	200	41	41
3	50	200	42	42
3	50	200	43	43
3	50	200	44	44
3	50	200	45	45
3	50	200	46	46
3	50	200	47	47
3	50	200	48	48
3	50	200	49	49
3	50	200	50	50
3	50	200	51	51
3	50	200	52	52
3	50	200	53	53
3	50	200	54	54
3	50	200	55	55
3	50	200	56	56
3	50	200	57	57
3	50	200	58	58
3	50	200	59	59
3	50	200	60	60
3	50	200	61	61
3	50	200	62	62
3	50	200	63	63
3	50	200	64	64
3	50	200	65	65
3	50	200	66	66
3	50	200	67	67
3	50	200	68	68
3	50	200	69	69
3	50	200	70	70
3	50	200	71	71
3	50	200	72	72
3	50	200	73	73
3	50	200	74	74
3	50	200	75	75
3	50	200	76	76
3	50	200	77	77
3	50	200	78	78
3	50	200	79	79
3	50	200	80	80
3	50	200	81	81
3	50	200	82	82
3	50	200	83	83
3	50	200	84	84
3	50	200	85	85
3	50	200	86	86
3	50	200	87	87
3	50	200	88	88
3	50	200	89	89
3	50	200	90	90
3	50	200	91	91
3	50	200	92	92
3	50	200	93	93
3	50	200	94	94
3	50	200	95	95
3	50	200	96	96
3	50	200	97	97
3	50	200	98	98
3	50	200	99	99
3	50	200	100	100
3	50	200	101	101
3	50	200	102	102
3	50	200	103	103
3	50	200	104	104
3	50	200	105	105
3	50	200	106	106
3	50	200	107	107
3	50	200	108	108
3	50	200	109	109
3	50	200	110	110
3	50	200	111	111
3	50	200	112	112
3	50	200	113	113
3	50	200	114	114
3	50	200	115	115
3	50	200	116	116
3	50	200	117	117
3	50	200	118	118
3	50	200	119	119
3	50	200	120	120
3	50	200	121	121
3	50	200	122	122
3	50	200	123	123
3	50	200	124	124
3	50	200	125	125
3	50	200	126	126
3	50	200	127	127
3	50	200	128	128
3	50	200	129	129
3	50	200	130	130
3	50	200	131	131
3	50	200	132	132
3	50	200	133	133
3	50	200	134	134
3	50	200	135	135
3	50	200	136	136
3	50	200	137	137
3	50	200	138	138
3	50	200	139	139
3	50	200	140	140
3	50	200	141	141
3	50	200	142	142
3	50	200	143	143
3	50	200	144	144
3	50	200	145	145
3	50	200	146	146
3	50	200	147	147
3	50	200	148	148
3	50	200	149	149
3	50	200	150	150
3	50	200	151	151
3	50	200	152	152
3	50	200	153	153
3	50	200	154	154
3	50	200	155	155
3	50	200	156	156
3	50	200	157	157
3	50	200	158	158
3	50	200	159	159
3	50	200	160	160
3	50	200	161	161
3	50	200	162	162
3	50	200	163	163
3	50	200	164	164
3	50	200	165	165
3	50	200	166	166
3	50	200	167	167
3	50	200	168	168
3	50	200	169	169
3	50	200	170	170
3	50	200	171	171
3	50	200	172	172
3	50	200	173	173
3	50	200	174	174
3	50	200	175	175
3	50	200	176	176
3	50	200	177	177
3	50	200	178	178
3	50	200	179	179
3	50	200	180	180
3	50	200	181	181
3	50	200	182	182
3	50	200	183	183
3	50	200	184	184
3	50	200	185	185
3	50	200	186	186
3	50	200	187	187
3	50	200	188	188
3	50	200	189	189
3	50	200	190	190
3	50	200	191	191
3	50	200	192	192
3	50	200	193	193
3	50	200	194	194
3	50	200	195	195
3	50	200	196	196
3	50	200	197	197
3	50	200	198	198
3	50	200	199	199
3	50	200	200	200
3	50	200	201	201
3	50	200	202	202
3	50	200	203	203
3	50	200	204	204
3	50	200	205	205
3	50	200	206	206
3	50	200	207	207
3	50	200	208	208
3	50	200	209	209
3	50	200	210	210
3	50	200	211	211
3	50	200	212	212
3	50	200	213	213
3	50	200	214	214
3	50	200	215	215
3	50	200	216	216
3	50	200	217	217
3	50	200	218	218
3	50	200	219	219
3	50	200	220	220
3	50	200	221	221
3	50	200	222	222
3	50	200	223	223
3	50	200	224	224
3	50	200	225	225
3	50	200	226	226
3	50	200	227	227
3	50	200	228	228
3	50	200	229	229
3	50	200	230	230
3	50	200	231	231
3	50	200	232	232
3	50	200	233	233
3	50	200	234	234
3	50	200	235	235
3	50	200	236	236
3	50	200	237	237
3	50	200	238	238
3	50	200	239	239
3	50	200	240	240
3	50	200	241	241
3	50	200	242	242
3	50	200	243	243
3	50	200	244	244
3	50	200	245	245
3	50	200	246	246
3	50	200	247	247
3	50	200	248	248
3	50	200	249	249
3	50	200	250	250
3	50	200	251	251
3	50	200	252	252
3	50	200	253	253
3	50	200	254	254
3	50	200	255	255
3	200	200	0	0
3	200	200	1	0
3	200	200	2	2
3	200	200	3	3
3	200	200	4	4
3	200	200	5	5
3	200	200	6	6
3	200	200	7	7
3	200	200	8	8
3	200	200	9	9
3	200	200	10	10
3	200	200	11	11
3	200	200	12	12
3	200	200	13	13
3	200	200	14	14
3	200	200	15	15
3	200	200	16	16
3	200	200	17	17
3	200	200	18	18
3	200	200	19	19
3	200	200	20	20
3	200	200	21	21
3	200	200	22	22
3	200	200	23	23
3	200	200	24	24
3	200	200	25	25
3	200	200	26	26
3	200	200	27	27
3	200	200	28	28
3	200	200	29	29
3	200	200	30	30
3	200	200	31	31
3	200	200	32	32
3	200	200	33	33
3	200	200	34	34
3	200	200	35	35
3	200	200	36	36
3	200	200	37	37
3	200	200	38	38
3	200	200	39	39
3	200	200	40	40
3	200	200	41	41
3	200	200	42	42
3	200	200	43	43
3	200	200	44	44
3	200	200	45	45
3	200	200	46	46
3	200	200	47	47
3	200	200	48	48
3	200	200	49	49
3	200	200	50	50
3	200	200	51	51
3	200	200	52	52
3	200	200	53	53
3	200	200	54	54
3	200	200	55	55
3	200	200	56	56
3	200	200	57	57
3	200	200	58	58
3	200	200	59	59
3	200	200	60	60
3	200	200	61	61
3	200	200	62	62
3	200	200	63	63
3	200	200	64	64
3	200	200	65	65
3	200	200	66	66
3	200	200	67	67
3	200	200	68	68
3	200	200	69	69
3	200	200	70	70
3	200	200	71	71
3	200	200	72	72
3	200	200	73	73
3	200	200	74	74
3	200	200	75	75
3	200	200	76	76
3	200	200	77	77
3	200	200	78	78
3	200	200	79	79
3	200	200	80	80
3	200	200	81	81
3	200	200	82	82
3	200	200	83	83
3	200	200	84	84
3	200	200	85	85
3	200	200	86	86
3	200	200	87	87
3	200	200	88	88
3	200	200	89	89
3	200	200	90	90
3	200	200	91	91
3	200	200	92	92
3	200	200	93	93
3	200	200	94	94
3	200	200	95	95
3	200	200	96	96
3	200	200	97	97
3	200	200	98	98
3	200	200	99	99
3	200	200	100	100
3	200	200	101	101
3	200	200	102	102
3	200	200	103	103
3	200	200	104	104
3	200	200	105	105
3	200	200	106	106
3	200	200	107	107
3	200	200	108	108
3	200	200	109	109
3	200	200	110	110
3	200	200	111	111
3	200	200	112	112
3	200	200	113	113
3	200	200	114	114
3	200	200	115	115
3	200	200	116	116
3	200	200	117	117
3	200	200	118	118
3	200	200	119	119
3	200	200	120	120
3	200	200	121	121
3	200	200	122	122
3	200	200	123	123
3	200	200	124	124
3	200	200	125	125
3	200	200	126	126
3	200	200	127	127
3	200	200	128	128
3	200	200	129	129
3	200	200	130	130
3	200	200	131	131
3	200	200	132	132
3	200	200	133	133
3	200	200	134	134
3	200	200	135	135
3	200	200	136	136
3	200	200	137	137
3	200	200	138	138
3	200	200	139	139
3	200	200	140	140
3	200	200	141	141
3	200	200	142	142
3	200	200	143	143
3	200	200	144	144
3	200	200	145	145
3	200	200	146	146
3	200	200	147	147
3	200	200	148	148
3	200	200	149	149
3	200	200	150	150
3	200	200	151	151
3	200	200	152	152
3	200	200	153	153
3	200	200	154	154
3	200	200	155	155
3	200	200	156	156
3	200	200	157	157
3	200	200	158	158
3	200	200	159	159
3	200	200	160	160
3	200	200	161	161
3	200	200	162	162
3	200	200	163	163
3	200	200	164	164
3	200	200	165	165
3	200	200	166	166
3	200	200	167	167
3	200	200	168	168
3	200	200	169	169
3	200	200	170	170
3	200	200	171	171
3	200	200	172	172
3	200	200	173	173
3	200	200	174	174
3	200	200	175	175
3	200	200	176	176
3	200	200	177	177
3	200	200	178	178
3	200	200	179	179
3	200	200	180	180
3	200	200	181	181
3	200	200	182	182
3	200	200	183	183
3	200	200	184	184
3	200	200	185	185
3	200	200	186	186
3	200	200	187	187
3	200	200	188	188
3	200	200	189	189
3	200	200	190	190
3	200	200	191	191
3	200	200	192	192
3	200	200	193	193
3	200	200	194	194
3	200	200	195	195
3	200	200	196	196
3	200	200	197	197
3	200	200	198	198
3	200	200	199	199
3	200	200	200	200
3	200	200	201	201
3	200	200	202	202
3	200	200	203	203
3	200	200	204	204
3	200	200	205	205
3	200	200	206	206
3	200	200	207	207
3	200	200	208	208
3	200	200	209	209
3	200	200	210	210
3	200	200	211	211
3	200	200	212	212
3	200	200	213	213
3	200	200	214	214
3	200	200	215	215
3	200	200	216	216
3	200	200	217	217
3	200	200	218	218
3	200	200	219	219
3	200	200	220	220
3	200	200	221	221
3	200	200	222	222
3	200	200	223	223
3	200	200	224	224
3	200	200	225	225
3	200	200	226	226
3	200	200	227	227
3	200	200	228	228
3	200	200	229	229
3	200	200	230	230
3	200	200	231	231
3	200	200	232	232
3	200	200	233	233
3	200	200	234	234
3	200	200	235	235
3	200	200	236	236
3	200	200	237	237
3	200	200	238	238
3	200	200	239	239
3	200	200	240	240
3	200	200	241	241
3	200	200	242	242
3	200	200	243	243
3	200	200	244	244
3	200	200	245	245
3	200	200	246	246
3	200	200	247	247
3	200	200	248	248
3	200	200	249	249
3	200	200	250	250
3	200	200	251	251
3	200	200	252	252
3	200	200	253	253
3	200	200	254	254
3	200	200	255	255
