id,name,description,resource,width,height,tileWidth,tileHeight,layers
1,陈塘关,陈塘关（哪吒家）,map/map_001.tmx,35,35,80,80,"mac,map,map2"
2,陈塘村,陈塘村,map/map_002.tmx,43,39,80,80,"mac,map,map2"
3,民房,陈塘村左上角民房,map/map_003.tmx,26,20,80,80,"map2,map1,mac"
4,防具店,陈塘村防具店,map/map_004.tmx,12,17,80,80,"mac,map"
5,百货店,陈塘村百货店,map/map_005.tmx,13,17,80,80,"mac,map"
6,武器店,陈塘村武器店,map/map_006.tmx,13,16,80,80,"mac,map"
7,谷仓,陈塘村右上角谷仓1,map/map_007.tmx,19,19,80,80,"map,map2,mac"
8,谷仓,陈塘村南下谷仓2,map/map_008.tmx,16,18,80,80,"map,map2,mac"
9,客栈,陈塘村客栈,map/map_009.tmx,19,20,80,80,"mac,map"
10,南海龙宫,南海龙宫,map/map_010.tmx,32,33,80,80,"mac,map"
11,西海龙宫,西海龙宫,map/map_011.tmx,33,33,80,80,"mac,map"
12,北海龙宫,北海龙宫,map/map_012.tmx,16,34,80,80,"mac,map"
13,北海龙宫二层,北海龙宫左边2层,map/map_013.tmx,17,29,80,80,"mac,map"
14,东海龙宫,东海龙宫,map/map_014.tmx,32,33,80,80,"mac,map"
15,新月岛迷宫,新月岛迷宫,map/map_015.tmx,35,33,80,80,"mac,map"
16,捕鱼村,捕鱼村,map/map_016.tmx,47,43,80,80,"mac,map,map2"
17,民房,捕鱼村右下民房,map/map_017.tmx,17,16,80,80,"mac,map,map2"
18,医馆,捕鱼村医馆,map/map_018.tmx,18,17,80,80,"mac,map,map2,map3"
19,武器店,捕鱼村武器店,map/map_019.tmx,13,17,80,80,"mac,map"
20,防具店,捕鱼村防具店,map/map_020.tmx,12,17,80,80,"mac,map"
21,百货店,捕鱼村百货店,map/map_021.tmx,13,17,80,80,"mac,map"
22,奈何村,奈何村,map/map_022.tmx,48,44,80,80,"mac,map"
23,民房,奈何村中间民房1,map/map_023.tmx,18,16,80,80,"mac,map"
24,民房,奈何村右上角民房2,map/map_024.tmx,14,17,80,80,"mac,map,map2"
25,医馆,奈何村医馆,map/map_025.tmx,18,17,80,80,"mac,map,map2,map3"
26,武器店,奈何村武器店,map/map_026.tmx,13,17,80,80,"mac,map"
27,防具店,奈何村防具店,map/map_027.tmx,12,17,80,80,"mac,map"
28,百货店,奈何村百货店,map/map_028.tmx,13,17,80,80,"mac,map"
29,客栈,奈何村客栈,map/map_029.tmx,19,21,80,80,"mac,map"
30,地狱,地狱全地图,map/map_030.tmx,64,98,80,80,"monster,mac,map,map2"
31,地狱第一殿,地狱第一殿,map/map_031.tmx,33,18,80,80,"map,mac"
32,地狱第二殿,地狱第二殿,map/map_032.tmx,33,33,80,80,"map,mac"
33,地狱第三殿,地狱第三殿,map/map_033.tmx,33,32,80,80,"mac,map"
34,地狱第四殿,地狱第四殿,map/map_034.tmx,33,34,80,80,"mac,map"
35,地狱第五殿,地狱第五殿,map/map_035.tmx,37,34,80,80,"mac,map"
36,地狱第六殿,地狱第六殿,map/map_036.tmx,33,32,80,80,"mac,map"
37,地狱第七殿,地狱第七殿,map/map_037.tmx,32,32,80,80,"mac,map"
38,地狱第八殿,地狱第八殿,map/map_038.tmx,33,33,80,80,"mac,map"
39,地狱第九殿,地狱第九殿,map/map_039.tmx,31,33,80,80,"mac,map"
40,地狱第九殿一层山洞,地狱第九殿一层洞内,map/map_040.tmx,16,17,80,80,"map,map2,mac"
41,地狱第九殿二层山洞,地狱第九殿二层洞内,map/map_041.tmx,16,17,80,80,"map,map2,mac"
42,地狱第九殿三层山洞,地狱第九殿三层洞内,map/map_042.tmx,16,17,80,80,"map,map2,mac"
43,地狱第十殿,地狱第十殿,map/map_043.tmx,17,15,80,80,"map,mac"
44,石泉谷,石泉谷,map/map_044.tmx,36,33,80,80,"mac,map"
45,石泉谷地下一层,石泉谷地下一层,map/map_045.tmx,20,18,80,80,"mac,map"
46,石源地,石源地,map/map_046.tmx,48,44,80,80,"mac,map"
47,转世点,哪转世点,map/map_047.tmx,15,11,80,80,"mac,map"
48,平安村,平安村,map/map_048.tmx,42,41,80,80,"mac,map,map2"
49,武器店,平安村武器店,map/map_049.tmx,13,17,80,80,"mac,map"
50,防具店,平安村防具店,map/map_050.tmx,12,17,80,80,"mac,map"
51,百货店,平安村百货店,map/map_051.tmx,13,17,80,80,"mac,map"
52,客栈,平安村客栈,map/map_052.tmx,19,21,80,80,"mac,map"
53,民房,平安村左下角民房1,map/map_053.tmx,16,21,80,80,"map,map2,mac"
54,民房,平安村右下角民房2,map/map_054.tmx,17,20,80,80,"mac,map,map2"
55,医馆,平安村医馆,map/map_055.tmx,18,17,80,80,"mac,map,map2,map3"
56,玉泉山,玉泉山,map/map_056.tmx,63,84,80,80,"mac,map,map2"
57,玉泉山道观,玉泉山道观,map/map_057.tmx,31,27,80,80,"mac,map"
58,逸乐亭,逸乐亭,map/map_058.tmx,31,26,80,80,"mac,map"
59,神木四层,森林神木第四层,map/map_059.tmx,31,27,80,80,"mac,map"
60,九龙岛迷宫地下一层,九龙岛迷宫地下一层,map/map_060.tmx,31,27,80,80,"mac,map"
61,九龙岛迷宫地下二层,九龙岛迷宫地下二层,map/map_061.tmx,30,27,80,80,"mac,map"
62,九龙岛迷宫地下三层,九龙岛迷宫地下三层,map/map_062.tmx,31,26,80,80,"mac,map,map2,map3"
63,九龙岛迷宫地下四层,九龙岛迷宫地下四层,map/map_063.tmx,31,26,80,80,"mac,map,map2"
64,五龙山,五龙山,map/map_064.tmx,50,59,80,80,"mac,map,map2"
65,五龙山道观,五龙山道观,map/map_065.tmx,16,17,80,80,"mac,map"
66,九龙镇,九龙镇,map/map_066.tmx,36,36,80,80,"mac,map,map2"
67,民房,九龙镇左上民房1,map/map_067.tmx,17,16,80,80,"mac,map,map2,map3"
68,民房,九龙镇右上民房2,map/map_068.tmx,17,16,80,80,"mac,map,map2"
69,医馆,九龙镇医馆,map/map_069.tmx,18,17,80,80,"mac,map,map2,map3"
70,防具店,九龙镇防具店,map/map_070.tmx,12,17,80,80,"mac,map"
71,百货店,九龙镇百货店,map/map_071.tmx,13,17,80,80,"mac,map"
72,武器店,九龙镇武器店,map/map_072.tmx,13,17,80,80,"mac,map"
73,客栈,九龙镇客栈,map/map_073.tmx,19,21,80,80,"mac,map"
74,佳东镇,佳东镇,map/map_074.tmx,47,42,80,80,"mac,map"
75,民房,佳东镇右上角左1民房,map/map_075.tmx,15,20,80,80,"map2,map,mac"
76,民房,佳东镇右上角右2民房,map/map_076.tmx,19,17,80,80,"mac,map,map2"
77,武器店,佳东镇武器店,map/map_077.tmx,13,17,80,80,"mac,map"
78,防具店,佳东镇防具店,map/map_078.tmx,12,17,80,80,"mac,map"
79,百货店,佳东镇百货店,map/map_079.tmx,13,17,80,80,"mac,map"
80,客栈,佳东镇客栈,map/map_080.tmx,19,21,80,80,"mac,map"
81,医馆,佳东镇医馆,map/map_081.tmx,18,17,80,80,"mac,map,map2,map3"
82,佳东镇后山洞,佳东镇后山洞迷宫,map/map_082.tmx,46,27,80,80,"mac,map,map2"
83,女儿村,女儿村,map/map_083.tmx,47,40,80,80,"mac,map,map2"
84,民房,女儿村右上角民房,map/map_084.tmx,17,18,80,80,"mac,map,map2,map3"
85,武器店,女儿村武器店,map/map_085.tmx,13,17,80,80,"mac,map"
86,防具店,女儿村防具店,map/map_086.tmx,12,17,80,80,"mac,map"
87,客栈,女儿村客栈,map/map_087.tmx,19,21,80,80,"mac,map"
88,百货店,女儿村百货店,map/map_088.tmx,13,17,80,80,"mac,map"
89,医馆,女儿村医馆,map/map_089.tmx,18,17,80,80,"mac,map,map2,map3"
90,清峰山,清峰山,map/map_090.tmx,62,87,80,80,"mac,map,map2"
91,清峰山道观,清峰山道观,map/map_091.tmx,32,28,80,80,"mac,map"
92,漆黑的山洞,女儿村北边漆黑的山洞,map/map_092.tmx,64,44,80,80,"mac,map"
93,女儿国,女儿国,map/map_093.tmx,48,42,80,80,"mac,map,map2"
94,女儿国内殿,女儿国内殿,map/map_094.tmx,79,57,80,80,"mac,map,map2"
95,左牢,女儿国左边牢房,map/map_095.tmx,47,27,80,80,"mac,map,map2"
96,右牢,女儿国右边牢房,map/map_096.tmx,32,27,80,80,"mac,map,map2"
97,佳梦关第一层,佳梦关第一层,map/map_097.tmx,48,27,80,80,"mac,map,map2"
98,佳梦关第二层,佳梦关第二层,map/map_098.tmx,48,28,80,80,"mac,map"
99,佳梦关第三层,佳梦关第三层,map/map_099.tmx,31,28,80,80,"mac,map"
100,佳梦关第四层,佳梦关第四层,map/map_100.tmx,32,28,80,80,"mac,map,map2"
101,野外人家,野外人家,map/map_101.tmx,19,21,80,80,"mac,map,map2,map3"
102,芙冰村,芙冰村,map/map_102.tmx,47,40,80,80,"mac,map,map2"
103,民房,芙冰村左上角民房1,map/map_103.tmx,14,18,80,80,"map,map2,mac"
104,民房,芙冰村右上角民房2,map/map_104.tmx,17,18,80,80,"mac,map,map2"
105,武器店,芙冰村武器店,map/map_105.tmx,13,17,80,80,"mac,map"
106,防具店,芙冰村防具店,map/map_106.tmx,12,17,80,80,"mac,map"
107,百货店,芙冰村百货店,map/map_107.tmx,13,17,80,80,"mac,map"
108,客栈,芙冰村客栈,map/map_108.tmx,19,21,80,80,"mac,map"
109,医馆,芙冰村医馆,map/map_109.tmx,18,17,80,80,"mac,map,map2,map3"
110,香榭居,香榭居,map/map_110.tmx,31,27,80,80,"mac,map"
111,西岐左村,西岐左村,map/map_111.tmx,46,42,80,80,"mac,map"
112,民房,西岐左村左上角民房1,map/map_112.tmx,17,20,80,80,"mac,map,map2"
113,民房,西岐左村南下民房2,map/map_113.tmx,17,18,80,80,"mac,map,map2,map3"
114,医馆,西岐左村医馆,map/map_114.tmx,18,17,80,80,"mac,map,map2,map3"
115,客栈,西岐左村客栈,map/map_115.tmx,19,21,80,80,"mac,map"
116,武器店,西岐左村武器店,map/map_116.tmx,13,17,80,80,"mac,map"
117,民房,西岐左村右上角民房3,map/map_117.tmx,19,18,80,80,"map,mac"
118,西岐右村,西岐右村,map/map_118.tmx,45,39,80,80,"mac,map"
119,民房,西岐右村北边民房1,map/map_119.tmx,16,18,80,80,"mac,map,map2"
120,民房,西岐右村南边民房2,map/map_120.tmx,36,25,80,80,"map,map2,mac,map3"
121,客栈,西岐右村客栈,map/map_121.tmx,19,21,80,80,"mac,map"
122,防具店,西岐右村防具店,map/map_122.tmx,12,17,80,80,"mac,map"
123,百货店,西岐右村百货店,map/map_123.tmx,13,17,80,80,"mac,map"
124,西岐主城,西岐主城,map/map_124.tmx,45,57,80,80,"mac,map"
125,西岐主城内殿一层,西岐主城大殿一层,map/map_125.tmx,53,55,80,80,"mac,map,map2"
126,西岐主城内殿二层,西岐主城大殿二层,map/map_126.tmx,51,20,80,80,"mac,map,map2"
127,火云洞,火云洞,map/map_127.tmx,32,27,80,80,"mac,map,map2"
128,磻 溪,磻溪,map/map_128.tmx,39,35,80,80,"mac,map,map2"
129,民房,磻溪右上角民房1,map/map_129.tmx,10,15,80,80,"mac,map,map2"
130,民房,磻溪南下民房2,map/map_130.tmx,14,17,80,80,"mac,map,map2"
131,百货店,磻溪百货店,map/map_131.tmx,13,17,80,80,"mac,map"
132,武器店,磻溪武器店,map/map_132.tmx,13,17,80,80,"mac,map"
133,医馆,磻溪医馆,map/map_133.tmx,18,17,80,80,"mac,map,map2,map3"
134,防具店,磻溪防具店,map/map_134.tmx,12,17,80,80,"mac,map"
135,客栈,磻溪客栈,map/map_135.tmx,19,21,80,80,"mac,map"
136,花果山,花果山,map/map_136.tmx,51,45,80,80,"mac,map2,map"
137,棋盘山山洞地下一层,棋盘山山洞地下一层,map/map_137.tmx,40,39,80,80,"mac,map,map2"
138,棋盘山山洞地下二层,棋盘山山洞地下二层,map/map_138.tmx,44,35,80,80,"mac,map,map2"
139,棋盘山神庙,棋盘山神庙,map/map_139.tmx,23,18,80,80,"mac,map"
140,梅山镇,梅山镇,map/map_140.tmx,47,40,80,80,"mac,map,map2"
141,民房,梅山镇左上角左边1民房,map/map_141.tmx,17,16,80,80,"mac,map"
142,民房,梅山镇左上角右边2民房,map/map_142.tmx,16,18,80,80,"mac,map,map2"
143,客栈,梅山镇客栈,map/map_143.tmx,19,21,80,80,"mac,map"
144,武器店,梅山镇武器店,map/map_144.tmx,13,17,80,80,"mac,map"
145,防具店,梅山镇防具店,map/map_145.tmx,12,17,80,80,"mac,map"
146,医馆,梅山镇医馆,map/map_146.tmx,18,17,80,80,"mac,map,map2,map3"
147,百货店,梅山镇百货店,map/map_147.tmx,13,17,80,80,"mac,map"
148,终南山,终南山,map/map_148.tmx,51,59,80,80,"mac,map,map2"
149,终南山道观,终南山道观,map/map_149.tmx,16,17,80,80,"mac,map"
150,梅山,梅山,map/map_150.tmx,49,37,80,80,"mac,map,map2"
151,水帘洞,水帘洞,map/map_151.tmx,51,35,80,80,"mac,map,map2"
152,九鼎山,九鼎山,map/map_152.tmx,49,60,80,80,"mac,map,map2"
153,九鼎山道观,九鼎山道观,map/map_153.tmx,31,27,80,80,"mac,map"
154,渡往亭,渡往亭,map/map_154.tmx,30,27,80,80,"mac,map,map2,map3"
155,万沙镇,万沙镇,map/map_155.tmx,39,38,80,80,"mac,map,map2"
156,武器店,万沙镇武器店,map/map_156.tmx,13,17,80,80,"mac,map"
157,防具店,万沙镇防具店,map/map_157.tmx,12,17,80,80,"mac,map"
158,百货店,万沙镇百货店,map/map_158.tmx,13,17,80,80,"mac,map"
159,客栈,万沙镇客栈,map/map_159.tmx,19,21,80,80,"mac,map"
160,医馆,万沙镇医馆,map/map_160.tmx,18,17,80,80,"mac,map,map2,map3"
161,民房,万沙镇右上角民房1,map/map_161.tmx,17,18,80,80,"mac,map,map2"
162,民房一层,万沙镇左下角民房2一层,map/map_162.tmx,20,21,80,80,"mac,map"
163,民房二层,万沙镇左下角民房2二层,map/map_163.tmx,12,17,80,80,"mac,map"
164,昆仑山,昆仑山,map/map_164.tmx,50,59,80,80,"mac,map,map2"
165,昆仑山道观,昆仑山道观,map/map_165.tmx,32,28,80,80,"mac,map"
166,玄都云,玄都云,map/map_166.tmx,36,37,80,80,"mac,map,map2"
167,玄都云道观,玄都云道观,map/map_167.tmx,16,17,80,80,"mac,map"
168,山洞通道,万沙镇北边山洞通道,map/map_168.tmx,13,15,80,80,"mac,map,map2"
169,落魂台,落魂台,map/map_169.tmx,16,17,80,80,"mac,map,map2"
170,和乐村,和乐村,map/map_170.tmx,47,41,80,80,"mac,map"
171,武器店,和乐村武器店,map/map_171.tmx,13,17,80,80,"mac,map"
172,防具店,和乐村防具店,map/map_172.tmx,12,17,80,80,"mac,map"
173,医馆,和乐村医馆,map/map_173.tmx,18,17,80,80,"mac,map,map2,map3"
174,百货店,和乐村百货店,map/map_174.tmx,13,17,80,80,"mac,map"
175,客栈,和乐村客栈,map/map_175.tmx,19,21,80,80,"mac,map"
176,民房,和乐村右上民房1,map/map_176.tmx,13,18,80,80,"mac,map"
177,民房,和乐村中下民房2,map/map_177.tmx,22,18,80,80,"mac,map,map2"
178,崆峒山,崆峒山,map/map_178.tmx,62,87,80,80,"mac,map,map2"
179,崆峒山道观,崆峒山道观,map/map_179.tmx,16,17,80,80,"mac,map"
180,青龙关第一层,青龙关第一层,map/map_180.tmx,45,39,80,80,"mac,map,map2"
181,青龙关第二层,青龙关第二层,map/map_181.tmx,44,38,80,80,"mac,map,map2"
182,雪原村,雪原村,map/map_182.tmx,38,33,80,80,"mac,map2,map"
183,百货店,雪原村百货店,map/map_183.tmx,13,17,80,80,"mac,map"
184,防具店,雪原村防具店,map/map_184.tmx,12,17,80,80,"mac,map"
185,客栈,雪原村客栈,map/map_185.tmx,19,21,80,80,"mac,map"
186,武器店,雪原村武器店,map/map_186.tmx,13,17,80,80,"mac,map"
187,医馆,雪原村医馆,map/map_187.tmx,18,17,80,80,"mac,map,map2,map3"
188,紫色山洞,雪原村正上方山洞,map/map_188.tmx,41,31,80,80,"mac,map"
189,海底通道一层,海底洞地下一层,map/map_189.tmx,20,19,80,80,"mac,map"
190,海底通道二层,海底洞地下二层,map/map_190.tmx,20,19,80,80,"mac,map"
191,海底通道三层,海底洞地下三层,map/map_191.tmx,20,19,80,80,"mac,map"
192,海底通道四层,海底洞地下四层,map/map_192.tmx,20,19,80,80,"mac,map"
193,海底神庙,海底神庙,map/map_193.tmx,24,18,80,80,"mac,map"
194,民房,雪原村左下角民房,map/map_194.tmx,18,16,80,80,"mac,map,map2"
195,白石村,白石村,map/map_195.tmx,47,42,80,80,"mac,map,map2"
196,民房,白石村民屋,map/map_196.tmx,14,18,80,80,"map,mac"
197,北部医馆,白石村北部医馆,map/map_197.tmx,18,17,80,80,"mac,map,map2,map3"
198,南部医馆,白石村南方医馆,map/map_198.tmx,12,21,80,80,"map,mac"
199,客栈,白石村客栈,map/map_199.tmx,19,21,80,80,"mac,map"
200,武器店,白石村武器店,map/map_200.tmx,13,17,80,80,"mac,map"
201,防具店,白石村防具店,map/map_201.tmx,12,17,80,80,"mac,map"
202,百货店,白石村百货店,map/map_202.tmx,13,17,80,80,"mac,map"
203,密道,白石村密道,map/map_203.tmx,19,20,80,80,"mac,map"
204,旋涡海洞,旋涡海洞一层,map/map_204.tmx,67,35,80,80,"mac,map"
205,密室,旋涡海洞隐藏地点,map/map_205.tmx,21,18,80,80,"map,mac"
206,践行洞窟,践行洞窟,map/map_206.tmx,40,49,80,80,"mac,map,map2"
207,朝歌城,朝歌主城外部,map/map_207.tmx,36,65,80,80,"mac,map,map2"
208,厢房,朝歌主城外部左下房,map/map_208.tmx,18,20,80,80,"mac,map"
209,厢房,朝歌主城外部左中房,map/map_209.tmx,21,22,80,80,"mac,map,map2"
210,厢房,朝歌主城外部右中房,map/map_210.tmx,21,20,80,80,"mac,map"
211,妲己寝宫一层,朝歌底层大殿一层,map/map_211.tmx,44,36,80,80,"mac,map"
212,妲己寝宫二层,朝歌底层大殿二层,map/map_212.tmx,38,22,80,80,"mac,map"
213,妲己寝宫三层,朝歌底层大殿三层,map/map_213.tmx,29,21,80,80,"mac,map,map2"
214,顶楼通道,朝歌楼顶通道,map/map_214.tmx,32,21,80,80,"mac,map"
215,朝歌内殿一层,朝歌中心大殿一层,map/map_215.tmx,63,53,80,80,"mac,map,map2,map3"
216,朝歌内殿二层,朝歌中心大殿二层,map/map_216.tmx,44,38,80,80,"mac,map,map2,map3"
217,朝歌内殿三层,朝歌中心大殿三层,map/map_217.tmx,37,20,80,80,"mac,map,map2,map3"
218,摘星楼,朝歌中心大殿四层,map/map_218.tmx,26,38,80,80,"mac,map,map2"
219,厢房,朝歌中心大殿左下屋,map/map_219.tmx,21,23,80,80,"map,map2,map3,mac"
220,左通道,朝歌中心大左上通道,map/map_220.tmx,17,18,80,80,"mac,map"
221,轩辕坟,轩辕坟,map/map_221.tmx,36,49,80,80,"mac,map,map2"
222,妲己的巢穴,轩辕坟密室,map/map_222.tmx,23,19,80,80,"mac,map"
223,岔路,轩辕坟密室分叉1,map/map_223.tmx,11,17,80,80,"map,mac"
224,岔路,轩辕坟密室分叉2,map/map_224.tmx,11,17,80,80,"map,mac"
225,岔路,轩辕坟密室分叉3,map/map_225.tmx,11,17,80,80,"map,mac"
226,岔路,轩辕坟密室分叉4,map/map_226.tmx,17,29,80,80,"mac,map"
227,岔路,轩辕坟密室分叉5,map/map_227.tmx,11,17,80,80,"map,mac"
228,岔路,轩辕坟密室分叉6,map/map_228.tmx,11,17,80,80,"map,mac"
229,岔路,轩辕坟密室分叉7,map/map_229.tmx,11,17,80,80,"map,mac"
230,岔路,轩辕坟密室分叉8,map/map_230.tmx,11,17,80,80,"map,mac"
231,岔路,轩辕坟密室分叉9,map/map_231.tmx,11,17,80,80,"mac,map"
232,朝歌密道,轩辕坟西岐右上通道,map/map_232.tmx,30,27,80,80,"mac,map"
233,浮游仙山,浮游仙山,map/map_233.tmx,45,68,80,80,"mac,map,map2"
234,浮游仙宫,浮游仙宫,map/map_234.tmx,16,17,80,80,"mac,map"
235,神木一层,森林神木一层,map/map_235.tmx,32,28,80,80,"mac,map"
236,神木二层,森林神木二层,map/map_236.tmx,21,18,80,80,"map,map2,mac"
237,神木三层,森林神木三层,map/map_237.tmx,16,13,80,80,"map,map2,mac"
238,旋涡海洞内室,旋涡海洞二层,map/map_238.tmx,25,25,80,80,"mac,map"
239,世界地图,世界地图1,map/map_239.tmx,66,44,80,80,"monster,mac,macair,map02,map01,map3"
240,世界地图,世界地图2,map/map_240.tmx,66,52,80,80,"monster,macair,mac,map02,map01"
241,世界地图,世界地图3,map/map_241.tmx,66,52,80,80,"monster,macair,mac,map02,map01"
242,世界地图,世界地图4,map/map_242.tmx,66,45,80,80,"monster,macair,mac,map02,map01"
243,世界地图,世界地图5,map/map_243.tmx,78,44,80,80,"monster,macair,mac,map02,map01"
244,世界地图,世界地图6,map/map_244.tmx,78,52,80,80,"monster,macair,mac,map02,map01"
245,海底,海底全地图,map/map_245.tmx,65,57,80,80,"mac,monster,map,map2"
246,客栈,捕鱼村客栈,map/map_246.tmx,19,21,80,80,"mac,map"
247,世界地图,世界地图7,map/map_247.tmx,78,52,80,80,"monster,macair,mac,map02,map01"
248,世界地图,世界地图8,map/map_248.tmx,78,45,80,80,"monster,macair,mac,map02,map01"
249,世界地图,世界地图9,map/map_249.tmx,78,44,80,80,"monster,macair,mac,map02,map01"
250,世界地图,世界地图10,map/map_250.tmx,78,52,80,80,"monster,macair,mac,map02,map01"
251,世界地图,世界地图11,map/map_251.tmx,78,52,80,80,"monster,macair,mac,map02,map01"
252,世界地图,世界地图12,map/map_252.tmx,78,45,80,80,"monster,macair,mac,map02,map01"
253,世界地图,世界地图13,map/map_253.tmx,74,44,80,80,"monster,macair,mac,map02,map01"
254,世界地图,世界地图14,map/map_254.tmx,74,52,80,80,"monster,macair,mac,map02,map01"
255,世界地图,世界地图15,map/map_255.tmx,74,52,80,80,"monster,macair,mac,map02,map01"
256,世界地图,世界地图16,map/map_256.tmx,74,45,80,80,"monster,macair,mac,map02,map01"
257,海底炎洞,海底炎洞,map/map_257.tmx,60,48,80,80,"mac,map"
258,异次元天梯,异次元天梯,map/map_258.tmx,30,30,80,80,"mac,map,map2"
259,黑白牛工作室,黑白牛工作室,map/map_259.tmx,24,18,80,80,"mac,map"
