flagBefore	message	flagAfter	action
0	12	0	0
1	12	1	0
2	12	2	0
3	12	3	0
4	12	4	0
5	12	5	0
6	12	6	0
7	12	7	0
8	12	8	0
9	12	9	0
10	12	10	0
11	12	11	0
12	12	12	0
13	12	13	0
14	12	14	0
15	12	15	0
16	12	16	0
17	12	17	0
18	12	18	0
19	12	19	0
20	12	20	0
21	12	21	0
22	12	22	0
23	12	23	0
24	12	24	0
25	12	25	0
26	12	26	0
27	12	27	0
28	12	28	0
29	12	29	0
30	12	30	0
31	12	31	0
32	12	32	0
33	12	33	0
34	12	34	0
35	12	35	0
36	12	36	0
37	12	37	0
38	12	38	0
39	12	39	0
40	12	40	0
41	12	41	0
42	12	42	0
43	12	43	0
44	12	44	0
45	12	45	0
46	12	46	0
47	12	47	0
48	12	48	0
49	12	49	0
50	12	50	0
51	12	51	0
52	12	52	0
53	12	53	0
54	12	54	0
55	12	55	0
56	12	56	0
57	12	57	0
58	12	58	0
59	12	59	0
60	12	60	0
61	12	61	0
62	12	62	0
63	12	63	0
64	12	64	0
65	12	65	0
66	12	66	0
67	12	67	0
68	12	68	0
69	12	69	0
70	12	70	0
71	12	71	0
72	12	72	0
73	12	73	0
74	12	74	0
75	12	75	0
76	12	76	0
77	12	77	0
78	12	78	0
79	12	79	0
80	12	80	0
81	12	81	0
82	12	82	0
83	12	83	0
84	12	84	0
85	12	85	0
86	12	86	0
87	12	87	0
88	12	88	0
89	12	89	0
90	12	90	0
91	12	91	0
92	12	92	0
93	12	93	0
94	12	94	0
95	12	95	0
96	12	96	0
97	12	97	0
98	12	98	0
99	12	99	0
100	12	100	0
101	12	101	0
102	12	102	0
103	12	103	0
104	12	104	0
105	12	105	0
106	12	106	0
107	12	107	0
108	12	108	0
109	12	109	0
110	12	110	0
111	12	111	0
112	12	112	0
113	12	113	0
114	12	114	0
115	12	115	0
116	12	116	0
117	12	117	0
118	12	118	0
119	12	119	0
120	12	120	0
121	12	121	0
122	12	122	0
123	12	123	0
124	12	124	0
125	12	125	0
126	12	126	0
127	12	127	0
128	12	128	0
129	12	129	0
130	12	130	0
131	12	131	0
132	12	132	0
133	12	133	0
134	12	134	0
135	12	135	0
136	12	136	0
137	12	137	0
138	12	138	0
139	12	139	0
140	12	140	0
141	12	141	0
142	12	142	0
143	12	143	0
144	12	144	0
145	12	145	0
146	12	146	0
147	12	147	0
148	12	148	0
149	12	149	0
150	12	150	0
151	12	151	0
152	12	152	0
153	12	153	0
154	12	154	0
155	12	155	0
156	12	156	0
157	12	157	0
158	12	158	0
159	12	159	0
160	12	160	0
161	12	161	0
162	12	162	0
163	12	163	0
164	12	164	0
165	12	165	0
166	12	166	0
167	12	167	0
168	12	168	0
169	12	169	0
170	12	170	0
171	12	171	0
172	12	172	0
173	12	173	0
174	12	174	0
175	12	175	0
176	12	176	0
177	12	177	0
178	12	178	0
179	12	179	0
180	12	180	0
181	12	181	0
182	12	182	0
183	12	183	0
184	12	184	0
185	12	185	0
186	12	186	0
187	12	187	0
188	12	188	0
189	12	189	0
190	12	190	0
191	12	191	0
192	12	192	0
193	12	193	0
194	12	194	0
195	12	195	0
196	12	196	0
197	12	197	0
198	12	198	0
199	12	199	0
200	12	200	0
201	12	201	0
202	12	202	0
203	12	203	0
204	12	204	0
205	12	205	0
206	12	206	0
207	12	207	0
208	12	208	0
209	12	209	0
210	12	210	0
211	12	211	0
212	12	212	0
213	12	213	0
214	12	214	0
215	12	215	0
216	12	216	0
217	12	217	0
218	12	218	0
219	12	219	0
220	12	220	0
221	12	221	0
222	12	222	0
223	12	223	0
224	12	224	0
225	12	225	0
226	12	226	0
227	12	227	0
228	12	228	0
229	12	229	0
230	12	230	0
231	12	231	0
232	12	232	0
233	12	233	0
234	12	234	0
235	12	235	0
236	12	236	0
237	12	237	0
238	12	238	0
239	12	239	0
240	12	240	0
241	12	241	0
242	12	242	0
243	12	243	0
244	12	244	0
245	12	245	0
246	12	246	0
247	12	247	0
248	12	248	0
249	12	249	0
250	12	250	0
251	12	251	0
252	12	252	0
253	12	253	0
254	12	254	0
255	12	255	0
