case	flagBefore	offered	applied	quantityAfter	flagAfter
empty	0	1	1	1	1
one	0	1	1	2	1
below_cap	0	1	1	10	1
at_cap	0	1	0	10	0
used	0	1	1	2	1
full_new	0	1	0	0	0
full_existing	0	1	1	2	1
empty	1	0	0	0	1
one	1	0	0	1	1
below_cap	1	0	0	9	1
at_cap	1	0	0	10	1
used	1	0	0	1	1
full_new	1	0	0	0	1
full_existing	1	0	0	1	1
empty	128	1	1	1	129
one	128	1	1	2	129
below_cap	128	1	1	10	129
at_cap	128	1	0	10	128
used	128	1	1	2	129
full_new	128	1	0	0	128
full_existing	128	1	1	2	129
empty	255	0	0	0	255
one	255	0	0	1	255
below_cap	255	0	0	9	255
at_cap	255	0	0	10	255
used	255	0	0	1	255
full_new	255	0	0	0	255
full_existing	255	0	0	1	255
