spellIndex	statusByte	phaseBefore	phaseAfter	refused	MPBefore	MPAfter
0	0	7	8	0	44	44
0	1	7	8	0	44	44
0	2	7	8	0	44	44
0	3	7	8	0	44	44
0	4	7	8	0	44	44
0	5	7	8	0	44	44
0	6	7	8	0	44	44
0	7	7	8	0	44	44
0	8	7	8	0	44	44
0	9	7	8	0	44	44
0	10	7	8	0	44	44
0	11	7	8	0	44	44
0	12	7	8	0	44	44
0	13	7	8	0	44	44
0	14	7	8	0	44	44
0	15	7	8	0	44	44
0	16	7	7	1	44	44
0	17	7	7	1	44	44
0	18	7	7	1	44	44
0	19	7	7	1	44	44
0	20	7	7	1	44	44
0	21	7	7	1	44	44
0	22	7	7	1	44	44
0	23	7	7	1	44	44
0	24	7	7	1	44	44
0	25	7	7	1	44	44
0	26	7	7	1	44	44
0	27	7	7	1	44	44
0	28	7	7	1	44	44
0	29	7	7	1	44	44
0	30	7	7	1	44	44
0	31	7	7	1	44	44
0	32	7	7	1	44	44
0	33	7	7	1	44	44
0	34	7	7	1	44	44
0	35	7	7	1	44	44
0	36	7	7	1	44	44
0	37	7	7	1	44	44
0	38	7	7	1	44	44
0	39	7	7	1	44	44
0	40	7	7	1	44	44
0	41	7	7	1	44	44
0	42	7	7	1	44	44
0	43	7	7	1	44	44
0	44	7	7	1	44	44
0	45	7	7	1	44	44
0	46	7	7	1	44	44
0	47	7	7	1	44	44
0	48	7	7	1	44	44
0	49	7	7	1	44	44
0	50	7	7	1	44	44
0	51	7	7	1	44	44
0	52	7	7	1	44	44
0	53	7	7	1	44	44
0	54	7	7	1	44	44
0	55	7	7	1	44	44
0	56	7	7	1	44	44
0	57	7	7	1	44	44
0	58	7	7	1	44	44
0	59	7	7	1	44	44
0	60	7	7	1	44	44
0	61	7	7	1	44	44
0	62	7	7	1	44	44
0	63	7	7	1	44	44
0	64	7	7	1	44	44
0	65	7	7	1	44	44
0	66	7	7	1	44	44
0	67	7	7	1	44	44
0	68	7	7	1	44	44
0	69	7	7	1	44	44
0	70	7	7	1	44	44
0	71	7	7	1	44	44
0	72	7	7	1	44	44
0	73	7	7	1	44	44
0	74	7	7	1	44	44
0	75	7	7	1	44	44
0	76	7	7	1	44	44
0	77	7	7	1	44	44
0	78	7	7	1	44	44
0	79	7	7	1	44	44
0	80	7	7	1	44	44
0	81	7	7	1	44	44
0	82	7	7	1	44	44
0	83	7	7	1	44	44
0	84	7	7	1	44	44
0	85	7	7	1	44	44
0	86	7	7	1	44	44
0	87	7	7	1	44	44
0	88	7	7	1	44	44
0	89	7	7	1	44	44
0	90	7	7	1	44	44
0	91	7	7	1	44	44
0	92	7	7	1	44	44
0	93	7	7	1	44	44
0	94	7	7	1	44	44
0	95	7	7	1	44	44
0	96	7	7	1	44	44
0	97	7	7	1	44	44
0	98	7	7	1	44	44
0	99	7	7	1	44	44
0	100	7	7	1	44	44
0	101	7	7	1	44	44
0	102	7	7	1	44	44
0	103	7	7	1	44	44
0	104	7	7	1	44	44
0	105	7	7	1	44	44
0	106	7	7	1	44	44
0	107	7	7	1	44	44
0	108	7	7	1	44	44
0	109	7	7	1	44	44
0	110	7	7	1	44	44
0	111	7	7	1	44	44
0	112	7	7	1	44	44
0	113	7	7	1	44	44
0	114	7	7	1	44	44
0	115	7	7	1	44	44
0	116	7	7	1	44	44
0	117	7	7	1	44	44
0	118	7	7	1	44	44
0	119	7	7	1	44	44
0	120	7	7	1	44	44
0	121	7	7	1	44	44
0	122	7	7	1	44	44
0	123	7	7	1	44	44
0	124	7	7	1	44	44
0	125	7	7	1	44	44
0	126	7	7	1	44	44
0	127	7	7	1	44	44
0	128	7	7	1	44	44
0	129	7	7	1	44	44
0	130	7	7	1	44	44
0	131	7	7	1	44	44
0	132	7	7	1	44	44
0	133	7	7	1	44	44
0	134	7	7	1	44	44
0	135	7	7	1	44	44
0	136	7	7	1	44	44
0	137	7	7	1	44	44
0	138	7	7	1	44	44
0	139	7	7	1	44	44
0	140	7	7	1	44	44
0	141	7	7	1	44	44
0	142	7	7	1	44	44
0	143	7	7	1	44	44
0	144	7	7	1	44	44
0	145	7	7	1	44	44
0	146	7	7	1	44	44
0	147	7	7	1	44	44
0	148	7	7	1	44	44
0	149	7	7	1	44	44
0	150	7	7	1	44	44
0	151	7	7	1	44	44
0	152	7	7	1	44	44
0	153	7	7	1	44	44
0	154	7	7	1	44	44
0	155	7	7	1	44	44
0	156	7	7	1	44	44
0	157	7	7	1	44	44
0	158	7	7	1	44	44
0	159	7	7	1	44	44
0	160	7	7	1	44	44
0	161	7	7	1	44	44
0	162	7	7	1	44	44
0	163	7	7	1	44	44
0	164	7	7	1	44	44
0	165	7	7	1	44	44
0	166	7	7	1	44	44
0	167	7	7	1	44	44
0	168	7	7	1	44	44
0	169	7	7	1	44	44
0	170	7	7	1	44	44
0	171	7	7	1	44	44
0	172	7	7	1	44	44
0	173	7	7	1	44	44
0	174	7	7	1	44	44
0	175	7	7	1	44	44
0	176	7	7	1	44	44
0	177	7	7	1	44	44
0	178	7	7	1	44	44
0	179	7	7	1	44	44
0	180	7	7	1	44	44
0	181	7	7	1	44	44
0	182	7	7	1	44	44
0	183	7	7	1	44	44
0	184	7	7	1	44	44
0	185	7	7	1	44	44
0	186	7	7	1	44	44
0	187	7	7	1	44	44
0	188	7	7	1	44	44
0	189	7	7	1	44	44
0	190	7	7	1	44	44
0	191	7	7	1	44	44
0	192	7	7	1	44	44
0	193	7	7	1	44	44
0	194	7	7	1	44	44
0	195	7	7	1	44	44
0	196	7	7	1	44	44
0	197	7	7	1	44	44
0	198	7	7	1	44	44
0	199	7	7	1	44	44
0	200	7	7	1	44	44
0	201	7	7	1	44	44
0	202	7	7	1	44	44
0	203	7	7	1	44	44
0	204	7	7	1	44	44
0	205	7	7	1	44	44
0	206	7	7	1	44	44
0	207	7	7	1	44	44
0	208	7	7	1	44	44
0	209	7	7	1	44	44
0	210	7	7	1	44	44
0	211	7	7	1	44	44
0	212	7	7	1	44	44
0	213	7	7	1	44	44
0	214	7	7	1	44	44
0	215	7	7	1	44	44
0	216	7	7	1	44	44
0	217	7	7	1	44	44
0	218	7	7	1	44	44
0	219	7	7	1	44	44
0	220	7	7	1	44	44
0	221	7	7	1	44	44
0	222	7	7	1	44	44
0	223	7	7	1	44	44
0	224	7	7	1	44	44
0	225	7	7	1	44	44
0	226	7	7	1	44	44
0	227	7	7	1	44	44
0	228	7	7	1	44	44
0	229	7	7	1	44	44
0	230	7	7	1	44	44
0	231	7	7	1	44	44
0	232	7	7	1	44	44
0	233	7	7	1	44	44
0	234	7	7	1	44	44
0	235	7	7	1	44	44
0	236	7	7	1	44	44
0	237	7	7	1	44	44
0	238	7	7	1	44	44
0	239	7	7	1	44	44
0	240	7	7	1	44	44
0	241	7	7	1	44	44
0	242	7	7	1	44	44
0	243	7	7	1	44	44
0	244	7	7	1	44	44
0	245	7	7	1	44	44
0	246	7	7	1	44	44
0	247	7	7	1	44	44
0	248	7	7	1	44	44
0	249	7	7	1	44	44
0	250	7	7	1	44	44
0	251	7	7	1	44	44
0	252	7	7	1	44	44
0	253	7	7	1	44	44
0	254	7	7	1	44	44
0	255	7	7	1	44	44
