selectorByte	displayedLevel	lastIndex	count	tablePointer
0	1	0	1	61173
0	2	0	1	61173
0	3	0	1	61173
0	4	0	1	61173
0	5	0	1	61173
0	6	0	1	61173
0	7	0	1	61173
0	8	0	1	61173
0	9	0	1	61173
0	10	1	2	61173
0	11	1	2	61173
0	12	1	2	61173
0	13	1	2	61173
0	14	1	2	61173
0	15	2	3	61173
0	16	2	3	61173
0	17	2	3	61173
0	18	2	3	61173
0	19	2	3	61173
0	20	3	4	61173
0	21	3	4	61173
0	22	3	4	61173
0	23	3	4	61173
0	24	3	4	61173
0	25	4	5	61173
0	26	4	5	61173
0	27	4	5	61173
0	28	4	5	61173
0	29	4	5	61173
0	30	5	6	61173
0	31	5	6	61173
0	32	5	6	61173
0	33	5	6	61173
0	34	5	6	61173
0	35	5	6	61173
0	36	6	7	61173
0	37	6	7	61173
0	38	6	7	61173
0	39	6	7	61173
0	40	6	7	61173
0	41	6	7	61173
0	42	6	7	61173
0	43	7	8	61173
0	44	7	8	61173
0	45	7	8	61173
0	46	7	8	61173
0	47	7	8	61173
0	48	7	8	61173
0	49	7	8	61173
0	50	8	9	61173
0	51	8	9	61173
0	52	8	9	61173
0	53	8	9	61173
0	54	8	9	61173
0	55	8	9	61173
0	56	8	9	61173
0	57	9	10	61173
0	58	9	10	61173
0	59	9	10	61173
0	60	9	10	61173
0	61	9	10	61173
0	62	9	10	61173
0	63	9	10	61173
0	64	9	10	61173
0	65	9	10	61173
0	66	9	10	61173
0	67	9	10	61173
0	68	9	10	61173
0	69	9	10	61173
0	70	9	10	61173
0	71	9	10	61173
0	72	9	10	61173
0	73	9	10	61173
0	74	9	10	61173
0	75	9	10	61173
0	76	9	10	61173
0	77	9	10	61173
0	78	9	10	61173
0	79	9	10	61173
0	80	9	10	61173
1	1	0	1	61173
1	2	0	1	61173
1	3	0	1	61173
1	4	0	1	61173
1	5	0	1	61173
1	6	0	1	61173
1	7	0	1	61173
1	8	0	1	61173
1	9	0	1	61173
1	10	1	2	61173
1	11	1	2	61173
1	12	1	2	61173
1	13	1	2	61173
1	14	1	2	61173
1	15	2	3	61173
1	16	2	3	61173
1	17	2	3	61173
1	18	2	3	61173
1	19	2	3	61173
1	20	3	4	61173
1	21	3	4	61173
1	22	3	4	61173
1	23	3	4	61173
1	24	3	4	61173
1	25	4	5	61173
1	26	4	5	61173
1	27	4	5	61173
1	28	4	5	61173
1	29	4	5	61173
1	30	5	6	61173
1	31	5	6	61173
1	32	5	6	61173
1	33	5	6	61173
1	34	5	6	61173
1	35	5	6	61173
1	36	6	7	61173
1	37	6	7	61173
1	38	6	7	61173
1	39	6	7	61173
1	40	6	7	61173
1	41	6	7	61173
1	42	6	7	61173
1	43	7	8	61173
1	44	7	8	61173
1	45	7	8	61173
1	46	7	8	61173
1	47	7	8	61173
1	48	7	8	61173
1	49	7	8	61173
1	50	8	9	61173
1	51	8	9	61173
1	52	8	9	61173
1	53	8	9	61173
1	54	8	9	61173
1	55	8	9	61173
1	56	8	9	61173
1	57	9	10	61173
1	58	9	10	61173
1	59	9	10	61173
1	60	9	10	61173
1	61	9	10	61173
1	62	9	10	61173
1	63	9	10	61173
1	64	9	10	61173
1	65	9	10	61173
1	66	9	10	61173
1	67	9	10	61173
1	68	9	10	61173
1	69	9	10	61173
1	70	9	10	61173
1	71	9	10	61173
1	72	9	10	61173
1	73	9	10	61173
1	74	9	10	61173
1	75	9	10	61173
1	76	9	10	61173
1	77	9	10	61173
1	78	9	10	61173
1	79	9	10	61173
1	80	9	10	61173
2	1	0	1	61214
2	2	0	1	61214
2	3	0	1	61214
2	4	0	1	61214
2	5	0	1	61214
2	6	0	1	61214
2	7	0	1	61214
2	8	0	1	61214
2	9	0	1	61214
2	10	0	1	61214
2	11	0	1	61214
2	12	0	1	61214
2	13	0	1	61214
2	14	0	1	61214
2	15	0	1	61214
2	16	0	1	61214
2	17	0	1	61214
2	18	0	1	61214
2	19	0	1	61214
2	20	1	2	61214
2	21	1	2	61214
2	22	1	2	61214
2	23	1	2	61214
2	24	1	2	61214
2	25	2	3	61214
2	26	2	3	61214
2	27	2	3	61214
2	28	2	3	61214
2	29	2	3	61214
2	30	3	4	61214
2	31	3	4	61214
2	32	3	4	61214
2	33	3	4	61214
2	34	3	4	61214
2	35	4	5	61214
2	36	4	5	61214
2	37	4	5	61214
2	38	4	5	61214
2	39	4	5	61214
2	40	4	5	61214
2	41	5	6	61214
2	42	5	6	61214
2	43	5	6	61214
2	44	5	6	61214
2	45	5	6	61214
2	46	5	6	61214
2	47	6	7	61214
2	48	6	7	61214
2	49	6	7	61214
2	50	6	7	61214
2	51	6	7	61214
2	52	6	7	61214
2	53	6	7	61214
2	54	7	8	61214
2	55	7	8	61214
2	56	7	8	61214
2	57	7	8	61214
2	58	7	8	61214
2	59	7	8	61214
2	60	7	8	61214
2	61	7	8	61214
2	62	7	8	61214
2	63	7	8	61214
2	64	7	8	61214
2	65	7	8	61214
2	66	7	8	61214
2	67	7	8	61214
2	68	7	8	61214
2	69	7	8	61214
2	70	7	8	61214
2	71	7	8	61214
2	72	7	8	61214
2	73	7	8	61214
2	74	7	8	61214
2	75	7	8	61214
2	76	7	8	61214
2	77	7	8	61214
2	78	7	8	61214
2	79	7	8	61214
2	80	7	8	61214
3	1	1	2	61247
3	2	1	2	61247
3	3	1	2	61247
3	4	1	2	61247
3	5	1	2	61247
3	6	1	2	61247
3	7	1	2	61247
3	8	1	2	61247
3	9	1	2	61247
3	10	1	2	61247
3	11	1	2	61247
3	12	1	2	61247
3	13	1	2	61247
3	14	1	2	61247
3	15	1	2	61247
3	16	1	2	61247
3	17	1	2	61247
3	18	1	2	61247
3	19	1	2	61247
3	20	1	2	61247
3	21	1	2	61247
3	22	1	2	61247
3	23	1	2	61247
3	24	1	2	61247
3	25	1	2	61247
3	26	1	2	61247
3	27	2	3	61247
3	28	2	3	61247
3	29	2	3	61247
3	30	2	3	61247
3	31	2	3	61247
3	32	3	4	61247
3	33	3	4	61247
3	34	3	4	61247
3	35	3	4	61247
3	36	3	4	61247
3	37	4	5	61247
3	38	4	5	61247
3	39	4	5	61247
3	40	4	5	61247
3	41	4	5	61247
3	42	5	6	61247
3	43	5	6	61247
3	44	5	6	61247
3	45	5	6	61247
3	46	5	6	61247
3	47	5	6	61247
3	48	6	7	61247
3	49	6	7	61247
3	50	6	7	61247
3	51	6	7	61247
3	52	6	7	61247
3	53	6	7	61247
3	54	6	7	61247
3	55	7	8	61247
3	56	7	8	61247
3	57	7	8	61247
3	58	7	8	61247
3	59	7	8	61247
3	60	7	8	61247
3	61	7	8	61247
3	62	7	8	61247
3	63	7	8	61247
3	64	7	8	61247
3	65	7	8	61247
3	66	7	8	61247
3	67	7	8	61247
3	68	7	8	61247
3	69	7	8	61247
3	70	7	8	61247
3	71	7	8	61247
3	72	7	8	61247
3	73	7	8	61247
3	74	7	8	61247
3	75	7	8	61247
3	76	7	8	61247
3	77	7	8	61247
3	78	7	8	61247
3	79	7	8	61247
3	80	7	8	61247
