spellIndex	party0	party1	nezhaStoredLevel	xiaoStoredLevel	targetIndex	beforeHP	maximumHP	afterHP	afterMP	formulaLevelOffset
0	0	1	0	0	0	0	20	20	97	0x505
0	0	1	0	0	0	0	200	20	97	0x505
0	0	1	0	0	0	5	20	20	97	0x505
0	0	1	0	0	0	5	200	25	97	0x505
0	0	1	0	0	0	190	200	200	97	0x505
0	0	1	0	0	1	0	20	20	97	0x505
0	0	1	0	0	1	0	200	20	97	0x505
0	0	1	0	0	1	5	20	20	97	0x505
0	0	1	0	0	1	5	200	25	97	0x505
0	0	1	0	0	1	190	200	200	97	0x505
0	0	1	0	11	0	0	20	20	97	0x505
0	0	1	0	11	0	0	200	53	97	0x505
0	0	1	0	11	0	5	20	20	97	0x505
0	0	1	0	11	0	5	200	58	97	0x505
0	0	1	0	11	0	190	200	200	97	0x505
0	0	1	0	11	1	0	20	20	97	0x505
0	0	1	0	11	1	0	200	53	97	0x505
0	0	1	0	11	1	5	20	20	97	0x505
0	0	1	0	11	1	5	200	58	97	0x505
0	0	1	0	11	1	190	200	200	97	0x505
0	0	1	0	39	0	0	20	20	97	0x505
0	0	1	0	39	0	0	200	137	97	0x505
0	0	1	0	39	0	5	20	20	97	0x505
0	0	1	0	39	0	5	200	142	97	0x505
0	0	1	0	39	0	190	200	200	97	0x505
0	0	1	0	39	1	0	20	20	97	0x505
0	0	1	0	39	1	0	200	137	97	0x505
0	0	1	0	39	1	5	20	20	97	0x505
0	0	1	0	39	1	5	200	142	97	0x505
0	0	1	0	39	1	190	200	200	97	0x505
0	0	1	24	0	0	0	20	20	97	0x505
0	0	1	24	0	0	0	200	20	97	0x505
0	0	1	24	0	0	5	20	20	97	0x505
0	0	1	24	0	0	5	200	25	97	0x505
0	0	1	24	0	0	190	200	200	97	0x505
0	0	1	24	0	1	0	20	20	97	0x505
0	0	1	24	0	1	0	200	20	97	0x505
0	0	1	24	0	1	5	20	20	97	0x505
0	0	1	24	0	1	5	200	25	97	0x505
0	0	1	24	0	1	190	200	200	97	0x505
0	0	1	24	11	0	0	20	20	97	0x505
0	0	1	24	11	0	0	200	53	97	0x505
0	0	1	24	11	0	5	20	20	97	0x505
0	0	1	24	11	0	5	200	58	97	0x505
0	0	1	24	11	0	190	200	200	97	0x505
0	0	1	24	11	1	0	20	20	97	0x505
0	0	1	24	11	1	0	200	53	97	0x505
0	0	1	24	11	1	5	20	20	97	0x505
0	0	1	24	11	1	5	200	58	97	0x505
0	0	1	24	11	1	190	200	200	97	0x505
0	0	1	24	39	0	0	20	20	97	0x505
0	0	1	24	39	0	0	200	137	97	0x505
0	0	1	24	39	0	5	20	20	97	0x505
0	0	1	24	39	0	5	200	142	97	0x505
0	0	1	24	39	0	190	200	200	97	0x505
0	0	1	24	39	1	0	20	20	97	0x505
0	0	1	24	39	1	0	200	137	97	0x505
0	0	1	24	39	1	5	20	20	97	0x505
0	0	1	24	39	1	5	200	142	97	0x505
0	0	1	24	39	1	190	200	200	97	0x505
0	1	0	0	0	0	0	20	20	97	0x504
0	1	0	0	0	0	0	200	20	97	0x504
0	1	0	0	0	0	5	20	20	97	0x504
0	1	0	0	0	0	5	200	25	97	0x504
0	1	0	0	0	0	190	200	200	97	0x504
0	1	0	0	0	1	0	20	20	97	0x504
0	1	0	0	0	1	0	200	20	97	0x504
0	1	0	0	0	1	5	20	20	97	0x504
0	1	0	0	0	1	5	200	25	97	0x504
0	1	0	0	0	1	190	200	200	97	0x504
0	1	0	0	11	0	0	20	20	97	0x504
0	1	0	0	11	0	0	200	20	97	0x504
0	1	0	0	11	0	5	20	20	97	0x504
0	1	0	0	11	0	5	200	25	97	0x504
0	1	0	0	11	0	190	200	200	97	0x504
0	1	0	0	11	1	0	20	20	97	0x504
0	1	0	0	11	1	0	200	20	97	0x504
0	1	0	0	11	1	5	20	20	97	0x504
0	1	0	0	11	1	5	200	25	97	0x504
0	1	0	0	11	1	190	200	200	97	0x504
0	1	0	0	39	0	0	20	20	97	0x504
0	1	0	0	39	0	0	200	20	97	0x504
0	1	0	0	39	0	5	20	20	97	0x504
0	1	0	0	39	0	5	200	25	97	0x504
0	1	0	0	39	0	190	200	200	97	0x504
0	1	0	0	39	1	0	20	20	97	0x504
0	1	0	0	39	1	0	200	20	97	0x504
0	1	0	0	39	1	5	20	20	97	0x504
0	1	0	0	39	1	5	200	25	97	0x504
0	1	0	0	39	1	190	200	200	97	0x504
0	1	0	24	0	0	0	20	20	97	0x504
0	1	0	24	0	0	0	200	92	97	0x504
0	1	0	24	0	0	5	20	20	97	0x504
0	1	0	24	0	0	5	200	97	97	0x504
0	1	0	24	0	0	190	200	200	97	0x504
0	1	0	24	0	1	0	20	20	97	0x504
0	1	0	24	0	1	0	200	92	97	0x504
0	1	0	24	0	1	5	20	20	97	0x504
0	1	0	24	0	1	5	200	97	97	0x504
0	1	0	24	0	1	190	200	200	97	0x504
0	1	0	24	11	0	0	20	20	97	0x504
0	1	0	24	11	0	0	200	92	97	0x504
0	1	0	24	11	0	5	20	20	97	0x504
0	1	0	24	11	0	5	200	97	97	0x504
0	1	0	24	11	0	190	200	200	97	0x504
0	1	0	24	11	1	0	20	20	97	0x504
0	1	0	24	11	1	0	200	92	97	0x504
0	1	0	24	11	1	5	20	20	97	0x504
0	1	0	24	11	1	5	200	97	97	0x504
0	1	0	24	11	1	190	200	200	97	0x504
0	1	0	24	39	0	0	20	20	97	0x504
0	1	0	24	39	0	0	200	92	97	0x504
0	1	0	24	39	0	5	20	20	97	0x504
0	1	0	24	39	0	5	200	97	97	0x504
0	1	0	24	39	0	190	200	200	97	0x504
0	1	0	24	39	1	0	20	20	97	0x504
0	1	0	24	39	1	0	200	92	97	0x504
0	1	0	24	39	1	5	20	20	97	0x504
0	1	0	24	39	1	5	200	97	97	0x504
0	1	0	24	39	1	190	200	200	97	0x504
4	0	1	0	0	0	0	20	20	88	0x505
4	0	1	0	0	0	0	200	200	88	0x505
4	0	1	0	0	0	5	20	20	88	0x505
4	0	1	0	0	0	5	200	200	88	0x505
4	0	1	0	0	0	190	200	200	88	0x505
4	0	1	0	0	1	0	20	20	88	0x505
4	0	1	0	0	1	0	200	200	88	0x505
4	0	1	0	0	1	5	20	20	88	0x505
4	0	1	0	0	1	5	200	200	88	0x505
4	0	1	0	0	1	190	200	200	88	0x505
4	0	1	0	11	0	0	20	20	88	0x505
4	0	1	0	11	0	0	200	200	88	0x505
4	0	1	0	11	0	5	20	20	88	0x505
4	0	1	0	11	0	5	200	200	88	0x505
4	0	1	0	11	0	190	200	200	88	0x505
4	0	1	0	11	1	0	20	20	88	0x505
4	0	1	0	11	1	0	200	200	88	0x505
4	0	1	0	11	1	5	20	20	88	0x505
4	0	1	0	11	1	5	200	200	88	0x505
4	0	1	0	11	1	190	200	200	88	0x505
4	0	1	0	39	0	0	20	20	88	0x505
4	0	1	0	39	0	0	200	200	88	0x505
4	0	1	0	39	0	5	20	20	88	0x505
4	0	1	0	39	0	5	200	200	88	0x505
4	0	1	0	39	0	190	200	200	88	0x505
4	0	1	0	39	1	0	20	20	88	0x505
4	0	1	0	39	1	0	200	200	88	0x505
4	0	1	0	39	1	5	20	20	88	0x505
4	0	1	0	39	1	5	200	200	88	0x505
4	0	1	0	39	1	190	200	200	88	0x505
4	0	1	24	0	0	0	20	20	88	0x505
4	0	1	24	0	0	0	200	200	88	0x505
4	0	1	24	0	0	5	20	20	88	0x505
4	0	1	24	0	0	5	200	200	88	0x505
4	0	1	24	0	0	190	200	200	88	0x505
4	0	1	24	0	1	0	20	20	88	0x505
4	0	1	24	0	1	0	200	200	88	0x505
4	0	1	24	0	1	5	20	20	88	0x505
4	0	1	24	0	1	5	200	200	88	0x505
4	0	1	24	0	1	190	200	200	88	0x505
4	0	1	24	11	0	0	20	20	88	0x505
4	0	1	24	11	0	0	200	200	88	0x505
4	0	1	24	11	0	5	20	20	88	0x505
4	0	1	24	11	0	5	200	200	88	0x505
4	0	1	24	11	0	190	200	200	88	0x505
4	0	1	24	11	1	0	20	20	88	0x505
4	0	1	24	11	1	0	200	200	88	0x505
4	0	1	24	11	1	5	20	20	88	0x505
4	0	1	24	11	1	5	200	200	88	0x505
4	0	1	24	11	1	190	200	200	88	0x505
4	0	1	24	39	0	0	20	20	88	0x505
4	0	1	24	39	0	0	200	200	88	0x505
4	0	1	24	39	0	5	20	20	88	0x505
4	0	1	24	39	0	5	200	200	88	0x505
4	0	1	24	39	0	190	200	200	88	0x505
4	0	1	24	39	1	0	20	20	88	0x505
4	0	1	24	39	1	0	200	200	88	0x505
4	0	1	24	39	1	5	20	20	88	0x505
4	0	1	24	39	1	5	200	200	88	0x505
4	0	1	24	39	1	190	200	200	88	0x505
4	1	0	0	0	0	0	20	20	88	0x504
4	1	0	0	0	0	0	200	200	88	0x504
4	1	0	0	0	0	5	20	20	88	0x504
4	1	0	0	0	0	5	200	200	88	0x504
4	1	0	0	0	0	190	200	200	88	0x504
4	1	0	0	0	1	0	20	20	88	0x504
4	1	0	0	0	1	0	200	200	88	0x504
4	1	0	0	0	1	5	20	20	88	0x504
4	1	0	0	0	1	5	200	200	88	0x504
4	1	0	0	0	1	190	200	200	88	0x504
4	1	0	0	11	0	0	20	20	88	0x504
4	1	0	0	11	0	0	200	200	88	0x504
4	1	0	0	11	0	5	20	20	88	0x504
4	1	0	0	11	0	5	200	200	88	0x504
4	1	0	0	11	0	190	200	200	88	0x504
4	1	0	0	11	1	0	20	20	88	0x504
4	1	0	0	11	1	0	200	200	88	0x504
4	1	0	0	11	1	5	20	20	88	0x504
4	1	0	0	11	1	5	200	200	88	0x504
4	1	0	0	11	1	190	200	200	88	0x504
4	1	0	0	39	0	0	20	20	88	0x504
4	1	0	0	39	0	0	200	200	88	0x504
4	1	0	0	39	0	5	20	20	88	0x504
4	1	0	0	39	0	5	200	200	88	0x504
4	1	0	0	39	0	190	200	200	88	0x504
4	1	0	0	39	1	0	20	20	88	0x504
4	1	0	0	39	1	0	200	200	88	0x504
4	1	0	0	39	1	5	20	20	88	0x504
4	1	0	0	39	1	5	200	200	88	0x504
4	1	0	0	39	1	190	200	200	88	0x504
4	1	0	24	0	0	0	20	20	88	0x504
4	1	0	24	0	0	0	200	200	88	0x504
4	1	0	24	0	0	5	20	20	88	0x504
4	1	0	24	0	0	5	200	200	88	0x504
4	1	0	24	0	0	190	200	200	88	0x504
4	1	0	24	0	1	0	20	20	88	0x504
4	1	0	24	0	1	0	200	200	88	0x504
4	1	0	24	0	1	5	20	20	88	0x504
4	1	0	24	0	1	5	200	200	88	0x504
4	1	0	24	0	1	190	200	200	88	0x504
4	1	0	24	11	0	0	20	20	88	0x504
4	1	0	24	11	0	0	200	200	88	0x504
4	1	0	24	11	0	5	20	20	88	0x504
4	1	0	24	11	0	5	200	200	88	0x504
4	1	0	24	11	0	190	200	200	88	0x504
4	1	0	24	11	1	0	20	20	88	0x504
4	1	0	24	11	1	0	200	200	88	0x504
4	1	0	24	11	1	5	20	20	88	0x504
4	1	0	24	11	1	5	200	200	88	0x504
4	1	0	24	11	1	190	200	200	88	0x504
4	1	0	24	39	0	0	20	20	88	0x504
4	1	0	24	39	0	0	200	200	88	0x504
4	1	0	24	39	0	5	20	20	88	0x504
4	1	0	24	39	0	5	200	200	88	0x504
4	1	0	24	39	0	190	200	200	88	0x504
4	1	0	24	39	1	0	20	20	88	0x504
4	1	0	24	39	1	0	200	200	88	0x504
4	1	0	24	39	1	5	20	20	88	0x504
4	1	0	24	39	1	5	200	200	88	0x504
4	1	0	24	39	1	190	200	200	88	0x504
